asset,ticker,minute,kind,side,fair,fill_px,contracts,edge_c,won,pnl
BTC,KXBTC15M-26JUN141615-15,13,flat,no,0.3395,0.01,20.0,32.95,0,-0.2
BTC,KXBTC15M-26JUN141615-15,13,tt,no,0.3395,0.01,20.0,32.95,0,-0.2
BTC,KXBTC15M-26JUN141615-15,13,dynamic,no,0.3395,0.0191,4986.59,32.95,0,-95.2046
BTC,KXBTC15M-26JUN141615-15,13,maker,no,0.3395,0.3195,20,2.0,0,-6.3897
BTC,KXBTC15M-26JUN141630-30,13,flat,yes,0.9774,0.7718,0.0,20.56,1,0.0
BTC,KXBTC15M-26JUN141630-30,13,dynamic,yes,0.9774,0.7718,0.0,20.56,1,0.0
BTC,KXBTC15M-26JUN141700-00,10,flat,yes,0.8984,0.57,20.0,32.84,0,-11.4
BTC,KXBTC15M-26JUN141700-00,10,tt,yes,0.8984,0.57,20.0,32.84,0,-11.4
BTC,KXBTC15M-26JUN141700-00,10,dynamic,yes,0.8984,0.57,140.65,32.84,0,-80.1733
BTC,KXBTC15M-26JUN141700-00,10,maker,yes,0.8984,0.8784,20,2.0,0,-17.5681
BTC,KXBTC15M-26JUN141700-00,11,flat,yes,0.9236,0.76,20.0,16.36,0,-15.2
BTC,KXBTC15M-26JUN141700-00,11,tt,yes,0.9236,0.76,20.0,16.36,0,-15.2
BTC,KXBTC15M-26JUN141700-00,11,dynamic,yes,0.9236,0.76,116.34,16.36,0,-88.4181
BTC,KXBTC15M-26JUN141700-00,11,maker,yes,0.9236,0.9036,20,2.0,0,-18.072
BTC,KXBTC15M-26JUN141700-00,12,maker,no,0.4266,0.4066,20,2.0,1,11.0368
BTC,KXBTC15M-26JUN141715-15,10,flat,yes,0.909,0.73,20.0,17.9,1,5.022
BTC,KXBTC15M-26JUN141715-15,10,tt,yes,0.909,0.73,20.0,17.9,1,5.022
BTC,KXBTC15M-26JUN141715-15,10,dynamic,yes,0.909,0.73,128.68,17.9,1,32.3107
BTC,KXBTC15M-26JUN141715-15,10,maker,yes,0.909,0.889,20,2.0,1,2.0654
BTC,KXBTC15M-26JUN141715-15,11,maker,yes,0.9181,0.8981,20,2.0,1,1.8958
BTC,KXBTC15M-26JUN141715-15,12,maker,yes,0.9197,0.8997,20,2.0,1,1.8664
BTC,KXBTC15M-26JUN141745-45,12,flat,yes,0.9753,0.8627,0.0,11.26,1,0.0
BTC,KXBTC15M-26JUN141745-45,12,dynamic,yes,0.9753,0.8627,0.0,11.26,1,0.0
BTC,KXBTC15M-26JUN141745-45,13,flat,yes,0.9775,0.8635,0.0,11.41,1,0.0
BTC,KXBTC15M-26JUN141745-45,13,dynamic,yes,0.9775,0.8635,0.0,11.41,1,0.0
BTC,KXBTC15M-26JUN141800-00,13,flat,no,0.4267,0.11,20.0,31.67,0,-2.2
BTC,KXBTC15M-26JUN141800-00,13,tt,no,0.4267,0.11,20.0,31.67,0,-2.2
BTC,KXBTC15M-26JUN141800-00,13,dynamic,no,0.4267,0.1301,2481.98,31.67,0,-322.9809
BTC,KXBTC15M-26JUN141800-00,13,maker,no,0.4267,0.4067,20,2.0,0,-8.1347
BTC,KXBTC15M-26JUN141830-30,10,flat,yes,0.9063,0.468,20.0,44.63,1,9.8952
BTC,KXBTC15M-26JUN141830-30,10,tt,yes,0.9063,0.468,20.0,44.63,1,9.8952
BTC,KXBTC15M-26JUN141830-30,10,dynamic,yes,0.9063,0.4699,543.79,44.63,1,268.0729
BTC,KXBTC15M-26JUN141830-30,10,maker,yes,0.9063,0.8863,20,2.0,1,2.1145
BTC,KXBTC15M-26JUN141830-30,11,flat,yes,0.9333,0.32,20.0,61.33,1,12.648
BTC,KXBTC15M-26JUN141830-30,11,tt,yes,0.9333,0.32,20.0,61.33,1,12.648
BTC,KXBTC15M-26JUN141830-30,11,dynamic,yes,0.9333,0.322,375.14,61.33,1,236.5601
BTC,KXBTC15M-26JUN141830-30,11,maker,yes,0.9333,0.9133,20,2.0,1,1.6124
BTC,KXBTC15M-26JUN141830-30,12,flat,yes,0.9198,0.57,20.0,34.98,1,7.998
BTC,KXBTC15M-26JUN141830-30,12,tt,yes,0.9198,0.57,20.0,34.98,1,7.998
BTC,KXBTC15M-26JUN141830-30,12,dynamic,yes,0.9198,0.57,558.48,34.98,1,223.3357
BTC,KXBTC15M-26JUN141830-30,12,maker,yes,0.9198,0.8998,20,2.0,1,1.8644
BTC,KXBTC15M-26JUN141830-30,13,maker,yes,0.9009,0.8809,20,2.0,1,2.2144
BTC,KXBTC15M-26JUN141845-45,10,maker,yes,0.9423,0.9223,20,2.0,1,1.445
BTC,KXBTC15M-26JUN141845-45,13,flat,yes,0.9417,0.7793,0.0,16.23,1,0.0
BTC,KXBTC15M-26JUN141845-45,13,dynamic,yes,0.9417,0.7793,0.0,16.23,1,0.0
BTC,KXBTC15M-26JUN141900-00,10,flat,no,0.7989,0.65,20.0,14.89,1,6.51
BTC,KXBTC15M-26JUN141900-00,10,tt,no,0.7989,0.65,20.0,14.89,1,6.51
BTC,KXBTC15M-26JUN141900-00,10,dynamic,no,0.7989,0.65,132.04,14.89,1,42.9806
BTC,KXBTC15M-26JUN141900-00,10,maker,no,0.7989,0.7789,20,2.0,1,4.112
BTC,KXBTC15M-26JUN141900-00,11,flat,no,0.8021,0.7,20.0,10.21,1,5.58
BTC,KXBTC15M-26JUN141900-00,11,tt,no,0.8021,0.7,20.0,10.21,1,5.58
BTC,KXBTC15M-26JUN141900-00,11,dynamic,no,0.8021,0.7,110.9,10.21,1,30.9421
BTC,KXBTC15M-26JUN141900-00,11,maker,no,0.8021,0.7821,20,2.0,1,4.0529
BTC,KXBTC15M-26JUN141900-00,12,maker,no,0.8966,0.8766,20,2.0,1,2.2955
BTC,KXBTC15M-26JUN141900-00,13,maker,no,0.945,0.925,20,2.0,1,1.3942
BTC,KXBTC15M-26JUN141915-15,10,maker,yes,0.8963,0.8763,20,2.0,1,2.3004
BTC,KXBTC15M-26JUN141915-15,11,maker,yes,0.9216,0.9016,20,2.0,1,1.83
BTC,KXBTC15M-26JUN141915-15,13,flat,yes,0.9142,0.4429,0.0,47.13,1,0.0
BTC,KXBTC15M-26JUN141915-15,13,dynamic,yes,0.9142,0.4429,0.0,47.13,1,0.0
BTC,KXBTC15M-26JUN141930-30,10,maker,yes,0.5552,0.5352,20,2.0,1,8.6456
BTC,KXBTC15M-26JUN141300-00,13,flat,no,0.9702,0.7923,0.0,17.79,1,0.0
BTC,KXBTC15M-26JUN141300-00,13,dynamic,no,0.9702,0.7923,0.0,17.79,1,0.0
BTC,KXBTC15M-26JUN141315-15,10,maker,yes,0.4637,0.4437,20,2.0,1,10.3472
BTC,KXBTC15M-26JUN141315-15,11,maker,yes,0.5054,0.4854,20,2.0,1,9.5713
BTC,KXBTC15M-26JUN141315-15,12,maker,yes,0.5508,0.5308,20,2.0,1,8.7278
BTC,KXBTC15M-26JUN141345-45,10,maker,no,0.9312,0.9112,20,2.0,1,1.6517
BTC,KXBTC15M-26JUN141345-45,11,maker,no,0.9516,0.9316,20,2.0,1,1.2728
BTC,KXBTC15M-26JUN141345-45,13,flat,no,0.9144,0.6579,0.0,25.66,1,0.0
BTC,KXBTC15M-26JUN141345-45,13,dynamic,no,0.9144,0.6579,0.0,25.66,1,0.0
BTC,KXBTC15M-26JUN141400-00,13,flat,no,0.8698,0.615,0.0,25.48,1,0.0
BTC,KXBTC15M-26JUN141400-00,13,dynamic,no,0.8698,0.615,0.0,25.48,1,0.0
BTC,KXBTC15M-26JUN141415-15,10,flat,no,0.8309,0.61,20.0,22.09,1,7.254
BTC,KXBTC15M-26JUN141415-15,10,tt,no,0.8309,0.61,20.0,22.09,1,7.254
BTC,KXBTC15M-26JUN141415-15,10,dynamic,no,0.8309,0.61,221.19,22.09,1,80.2252
BTC,KXBTC15M-26JUN141415-15,10,maker,no,0.8309,0.8109,20,2.0,1,3.5169
BTC,KXBTC15M-26JUN141415-15,11,maker,no,0.8545,0.8345,20,2.0,1,3.0775
BTC,KXBTC15M-26JUN141415-15,12,flat,no,0.8574,0.71,20.0,14.74,1,5.394
BTC,KXBTC15M-26JUN141415-15,12,tt,no,0.8574,0.71,20.0,14.74,1,5.394
BTC,KXBTC15M-26JUN141415-15,12,dynamic,no,0.8574,0.71,152.06,14.74,1,41.0103
BTC,KXBTC15M-26JUN141415-15,12,maker,no,0.8574,0.8374,20,2.0,1,3.0247
BTC,KXBTC15M-26JUN141415-15,13,maker,no,0.859,0.839,20,2.0,1,2.9937
BTC,KXBTC15M-26JUN141430-30,10,flat,no,0.7669,0.52,20.0,24.69,1,8.928
BTC,KXBTC15M-26JUN141430-30,10,tt,no,0.7669,0.52,20.0,24.69,1,8.928
BTC,KXBTC15M-26JUN141430-30,10,dynamic,no,0.7669,0.52,166.89,24.69,1,74.4998
BTC,KXBTC15M-26JUN141430-30,10,maker,no,0.7669,0.7469,20,2.0,1,4.7077
BTC,KXBTC15M-26JUN141430-30,11,maker,yes,0.3075,0.2875,20,2.0,0,-5.7496
BTC,KXBTC15M-26JUN141430-30,12,maker,no,0.6252,0.6052,20,2.0,1,7.3436
BTC,KXBTC15M-26JUN141430-30,13,maker,no,0.6104,0.5904,20,2.0,1,7.6179
BTC,KXBTC15M-26JUN141500-00,10,maker,yes,0.8494,0.8294,20,2.0,1,3.174
BTC,KXBTC15M-26JUN141500-00,11,maker,yes,0.8571,0.8371,20,2.0,1,3.0305
BTC,KXBTC15M-26JUN141515-15,10,maker,no,0.8879,0.8679,20,2.0,1,2.4574
BTC,KXBTC15M-26JUN141515-15,11,flat,no,0.7298,0.61,20.0,11.98,1,7.254
BTC,KXBTC15M-26JUN141515-15,11,tt,no,0.7298,0.61,20.0,11.98,1,7.254
BTC,KXBTC15M-26JUN141515-15,11,dynamic,no,0.7298,0.61,138.74,11.98,1,50.3204
BTC,KXBTC15M-26JUN141515-15,11,maker,no,0.7298,0.7098,20,2.0,1,5.3983
BTC,KXBTC15M-26JUN141515-15,12,maker,no,0.7532,0.7332,20,2.0,1,4.9619
BTC,KXBTC15M-26JUN141515-15,13,maker,no,0.7018,0.6818,20,2.0,1,5.9179
BTC,KXBTC15M-26JUN141530-30,10,maker,yes,0.5197,0.4997,20,2.0,0,-9.9931
BTC,KXBTC15M-26JUN141530-30,11,maker,yes,0.4757,0.4557,20,2.0,0,-9.1149
BTC,KXBTC15M-26JUN141530-30,12,maker,yes,0.4264,0.4064,20,2.0,0,-8.1277
BTC,KXBTC15M-26JUN141530-30,13,maker,no,0.6315,0.6115,20,2.0,1,7.2266
BTC,KXBTC15M-26JUN141545-45,11,maker,no,0.4277,0.4077,20,2.0,1,11.0166
BTC,KXBTC15M-26JUN142000-00,13,flat,yes,0.9802,0.7214,0.0,25.88,1,0.0
BTC,KXBTC15M-26JUN142000-00,13,dynamic,yes,0.9802,0.7214,0.0,25.88,1,0.0
BTC,KXBTC15M-26JUN142015-15,10,flat,yes,0.7316,0.54,20.0,19.16,1,8.556
BTC,KXBTC15M-26JUN142015-15,10,tt,yes,0.7316,0.54,20.0,19.16,1,8.556
BTC,KXBTC15M-26JUN142015-15,10,dynamic,yes,0.7316,0.54,155.79,19.16,1,66.6451
BTC,KXBTC15M-26JUN142015-15,10,maker,yes,0.7316,0.7116,20,2.0,1,5.3642
BTC,KXBTC15M-26JUN142015-15,11,maker,no,0.202,0.182,20,2.0,0,-3.6395
BTC,KXBTC15M-26JUN142015-15,12,maker,yes,0.836,0.816,20,2.0,1,3.4227
BTC,KXBTC15M-26JUN142015-15,13,maker,yes,0.8423,0.8223,20,2.0,1,3.3051
BTC,KXBTC15M-26JUN142030-30,10,maker,no,0.8445,0.8245,20,2.0,1,3.265
BTC,KXBTC15M-26JUN142030-30,11,maker,yes,0.1608,0.1408,20,2.0,0,-2.8169
BTC,KXBTC15M-26JUN142030-30,12,flat,yes,0.4993,0.06,20.0,43.93,0,-1.2
BTC,KXBTC15M-26JUN142030-30,12,tt,yes,0.4993,0.06,20.0,43.93,0,-1.2
BTC,KXBTC15M-26JUN142030-30,12,dynamic,yes,0.4993,0.0678,2123.67,43.93,0,-144.0249
BTC,KXBTC15M-26JUN142030-30,12,maker,yes,0.4993,0.4793,20,2.0,0,-9.5856
BTC,KXBTC15M-26JUN142030-30,13,flat,yes,0.5509,0.01,20.0,54.09,0,-0.2
BTC,KXBTC15M-26JUN142030-30,13,tt,yes,0.5509,0.01,20.0,54.09,0,-0.2
BTC,KXBTC15M-26JUN142030-30,13,dynamic,yes,0.5509,0.0189,7729.55,54.09,0,-146.3447
BTC,KXBTC15M-26JUN142030-30,13,maker,yes,0.5509,0.5309,20,2.0,0,-10.6186
BTC,KXBTC15M-26JUN142045-45,12,flat,no,0.9805,0.8419,0.0,13.87,1,0.0
BTC,KXBTC15M-26JUN142045-45,12,dynamic,no,0.9805,0.8419,0.0,13.87,1,0.0
BTC,KXBTC15M-26JUN142045-45,13,flat,no,0.9812,0.8419,0.0,13.93,1,0.0
BTC,KXBTC15M-26JUN142045-45,13,dynamic,no,0.9812,0.8419,0.0,13.93,1,0.0
BTC,KXBTC15M-26JUN142100-00,10,maker,yes,0.9557,0.9357,20,2.0,1,1.1966
BTC,KXBTC15M-26JUN142100-00,13,flat,yes,0.9606,0.6585,0.0,30.21,1,0.0
BTC,KXBTC15M-26JUN142100-00,13,dynamic,yes,0.9606,0.6585,0.0,30.21,1,0.0
BTC,KXBTC15M-26JUN142130-30,10,maker,no,0.9185,0.8985,20,2.0,1,1.8871
BTC,KXBTC15M-26JUN142145-45,13,flat,yes,0.9801,0.6989,0.0,28.12,1,0.0
BTC,KXBTC15M-26JUN142145-45,13,dynamic,yes,0.9801,0.6989,0.0,28.12,1,0.0
BTC,KXBTC15M-26JUN142200-00,13,flat,no,0.9612,0.6643,0.0,29.69,1,0.0
BTC,KXBTC15M-26JUN142200-00,13,dynamic,no,0.9612,0.6643,0.0,29.69,1,0.0
BTC,KXBTC15M-26JUN142215-15,13,flat,yes,0.9535,0.6224,0.0,33.11,1,0.0
BTC,KXBTC15M-26JUN142215-15,13,dynamic,yes,0.9535,0.6224,0.0,33.11,1,0.0
BTC,KXBTC15M-26JUN142230-30,10,flat,no,0.7369,0.38,20.0,35.69,1,11.532
BTC,KXBTC15M-26JUN142230-30,10,tt,no,0.7369,0.38,20.0,35.69,1,11.532
BTC,KXBTC15M-26JUN142230-30,10,dynamic,no,0.7369,0.38,551.13,35.69,1,317.7794
BTC,KXBTC15M-26JUN142230-30,10,maker,no,0.7369,0.7169,20,2.0,1,5.2653
BTC,KXBTC15M-26JUN142230-30,11,flat,no,0.7898,0.25,20.0,53.98,1,13.95
BTC,KXBTC15M-26JUN142230-30,11,tt,no,0.7898,0.25,20.0,53.98,1,13.95
BTC,KXBTC15M-26JUN142230-30,11,dynamic,no,0.7898,0.25,742.7,53.98,1,518.0338
BTC,KXBTC15M-26JUN142230-30,11,maker,no,0.7898,0.7698,20,2.0,1,4.2813
BTC,KXBTC15M-26JUN142230-30,12,flat,no,0.8357,0.18,20.0,65.57,1,15.252
BTC,KXBTC15M-26JUN142230-30,12,tt,no,0.8357,0.18,20.0,65.57,1,15.252
BTC,KXBTC15M-26JUN142230-30,12,dynamic,no,0.8357,0.1858,1005.39,65.57,1,761.2694
BTC,KXBTC15M-26JUN142230-30,12,maker,no,0.8357,0.8157,20,2.0,1,3.4284
BTC,KXBTC15M-26JUN142230-30,13,flat,no,0.8623,0.04,20.0,82.23,1,17.856
BTC,KXBTC15M-26JUN142230-30,13,tt,no,0.8623,0.04,20.0,82.23,1,17.856
BTC,KXBTC15M-26JUN142230-30,13,dynamic,no,0.8623,0.0486,4024.26,82.23,1,3560.6205
BTC,KXBTC15M-26JUN142230-30,13,maker,no,0.8623,0.8423,20,2.0,1,2.9327
BTC,KXBTC15M-26JUN142315-15,12,flat,yes,0.9399,0.6113,0.0,32.85,1,0.0
BTC,KXBTC15M-26JUN142315-15,12,dynamic,yes,0.9399,0.6113,0.0,32.85,1,0.0
BTC,KXBTC15M-26JUN142315-15,13,flat,yes,0.9499,0.6113,0.0,33.85,1,0.0
BTC,KXBTC15M-26JUN142315-15,13,dynamic,yes,0.9499,0.6113,0.0,33.85,1,0.0
BTC,KXBTC15M-26JUN142345-45,10,maker,yes,0.7902,0.7702,20,2.0,1,4.2742
BTC,KXBTC15M-26JUN142345-45,13,flat,yes,0.8952,0.5017,0.0,39.35,1,0.0
BTC,KXBTC15M-26JUN142345-45,13,dynamic,yes,0.8952,0.5017,0.0,39.35,1,0.0
BTC,KXBTC15M-26JUN150015-15,13,flat,no,0.9642,0.7482,0.0,21.59,1,0.0
BTC,KXBTC15M-26JUN150015-15,13,dynamic,no,0.9642,0.7482,0.0,21.59,1,0.0
BTC,KXBTC15M-26JUN150045-45,10,maker,no,0.8969,0.8769,20,2.0,1,2.2894
BTC,KXBTC15M-26JUN150100-00,10,flat,no,0.8887,0.7,20.0,18.87,1,5.58
BTC,KXBTC15M-26JUN150100-00,10,tt,no,0.8887,0.7,20.0,18.87,1,5.58
BTC,KXBTC15M-26JUN150100-00,10,dynamic,no,0.8887,0.7,266.43,18.87,1,74.3334
BTC,KXBTC15M-26JUN150100-00,10,maker,no,0.8887,0.8687,20,2.0,1,2.4417
BTC,KXBTC15M-26JUN150100-00,11,flat,no,0.9105,0.6,20.0,31.05,1,7.44
BTC,KXBTC15M-26JUN150100-00,11,tt,no,0.9105,0.6,20.0,31.05,1,7.44
BTC,KXBTC15M-26JUN150100-00,11,dynamic,no,0.9105,0.6,246.33,31.05,1,91.6346
BTC,KXBTC15M-26JUN150100-00,11,maker,no,0.9105,0.8905,20,2.0,1,2.0366
BTC,KXBTC15M-26JUN150100-00,12,flat,no,0.9284,0.61,20.0,31.84,1,7.254
BTC,KXBTC15M-26JUN150100-00,12,tt,no,0.9284,0.61,20.0,31.84,1,7.254
BTC,KXBTC15M-26JUN150100-00,12,dynamic,no,0.9284,0.61,238.51,31.84,1,86.5081
BTC,KXBTC15M-26JUN150100-00,12,maker,no,0.9284,0.9084,20,2.0,1,1.7042
BTC,KXBTC15M-26JUN150100-00,13,flat,no,0.9397,0.45,20.0,48.97,1,10.23
BTC,KXBTC15M-26JUN150100-00,13,tt,no,0.9397,0.45,20.0,48.97,1,10.23
BTC,KXBTC15M-26JUN150100-00,13,dynamic,no,0.9397,0.45,260.48,48.97,1,133.2332
BTC,KXBTC15M-26JUN150100-00,13,maker,no,0.9397,0.9197,20,2.0,1,1.4931
BTC,KXBTC15M-26JUN150115-15,10,flat,yes,0.8982,0.71,20.0,18.82,1,5.394
BTC,KXBTC15M-26JUN150115-15,10,tt,yes,0.8982,0.71,20.0,18.82,1,5.394
BTC,KXBTC15M-26JUN150115-15,10,dynamic,yes,0.8982,0.7168,278.51,18.82,1,73.3522
BTC,KXBTC15M-26JUN150115-15,10,maker,yes,0.8982,0.8782,20,2.0,1,2.2663
BTC,KXBTC15M-26JUN150115-15,11,maker,yes,0.9162,0.8962,20,2.0,1,1.9303
BTC,KXBTC15M-26JUN150115-15,12,flat,yes,0.9354,0.57,20.0,36.54,1,7.998
BTC,KXBTC15M-26JUN150115-15,12,tt,yes,0.9354,0.57,20.0,36.54,1,7.998
BTC,KXBTC15M-26JUN150115-15,12,dynamic,yes,0.9354,0.57,251.41,36.54,1,100.5405
BTC,KXBTC15M-26JUN150115-15,12,maker,yes,0.9354,0.9154,20,2.0,1,1.574
BTC,KXBTC15M-26JUN150115-15,13,maker,yes,0.9488,0.9288,20,2.0,1,1.3242
ETH,KXETH15M-26JUN141630-30,13,flat,yes,0.9773,0.6974,0.0,27.99,1,0.0
ETH,KXETH15M-26JUN141630-30,13,dynamic,yes,0.9773,0.6974,0.0,27.99,1,0.0
ETH,KXETH15M-26JUN141715-15,10,maker,no,0.1527,0.1327,20,2.0,0,-2.6539
ETH,KXETH15M-26JUN141715-15,11,flat,yes,0.8301,0.6385,20.0,23.01,1,6.7239
ETH,KXETH15M-26JUN141715-15,11,tt,yes,0.8301,0.6385,20.0,23.01,1,6.7239
ETH,KXETH15M-26JUN141715-15,11,dynamic,yes,0.8301,0.6485,157.15,23.01,1,51.3672
ETH,KXETH15M-26JUN141715-15,11,maker,yes,0.8301,0.8101,20,2.0,1,3.5323
ETH,KXETH15M-26JUN141715-15,12,maker,yes,0.8169,0.7969,20,2.0,1,3.777
ETH,KXETH15M-26JUN141715-15,13,maker,yes,0.8968,0.8768,20,2.0,1,2.2913
ETH,KXETH15M-26JUN141815-15,10,maker,no,0.7161,0.6961,20,2.0,0,-13.9221
ETH,KXETH15M-26JUN141815-15,11,flat,no,0.6959,0.5,20.0,19.59,0,-10.0
ETH,KXETH15M-26JUN141815-15,11,tt,no,0.6959,0.5,20.0,19.59,0,-10.0
ETH,KXETH15M-26JUN141815-15,11,dynamic,no,0.6959,0.5137,344.59,19.59,0,-177.0051
ETH,KXETH15M-26JUN141815-15,11,maker,no,0.6959,0.6759,20,2.0,0,-13.5175
ETH,KXETH15M-26JUN141815-15,12,maker,no,0.4992,0.4792,20,2.0,0,-9.5845
ETH,KXETH15M-26JUN141815-15,13,flat,no,0.394,0.08,20.0,31.4,0,-1.6
ETH,KXETH15M-26JUN141815-15,13,tt,no,0.394,0.08,20.0,31.4,0,-1.6
ETH,KXETH15M-26JUN141815-15,13,dynamic,no,0.394,0.0919,956.11,31.4,0,-87.8826
ETH,KXETH15M-26JUN141815-15,13,maker,no,0.394,0.374,20,2.0,0,-7.4806
ETH,KXETH15M-26JUN141830-30,13,flat,yes,0.6557,0.1235,20.0,53.57,0,-2.47
ETH,KXETH15M-26JUN141830-30,13,tt,yes,0.6557,0.1235,20.0,53.57,0,-2.47
ETH,KXETH15M-26JUN141830-30,13,dynamic,yes,0.6557,0.2148,597.4,53.57,0,-128.3342
ETH,KXETH15M-26JUN141830-30,13,maker,yes,0.6557,0.6357,20,2.0,0,-12.7135
ETH,KXETH15M-26JUN141845-45,10,maker,yes,0.853,0.833,20,2.0,1,3.106
ETH,KXETH15M-26JUN141845-45,11,maker,yes,0.8473,0.8273,20,2.0,1,3.2117
ETH,KXETH15M-26JUN141900-00,13,flat,no,0.8474,0.5818,0.0,26.56,1,0.0
ETH,KXETH15M-26JUN141900-00,13,dynamic,no,0.8474,0.5818,0.0,26.56,1,0.0
ETH,KXETH15M-26JUN141915-15,10,maker,yes,0.5852,0.5652,20,2.0,1,8.0882
ETH,KXETH15M-26JUN141915-15,11,maker,yes,0.6647,0.6447,20,2.0,1,6.609
ETH,KXETH15M-26JUN141930-30,10,maker,no,0.5718,0.5518,20,2.0,0,-11.0359
ETH,KXETH15M-26JUN141930-30,11,maker,no,0.4142,0.3942,20,2.0,0,-7.8849
ETH,KXETH15M-26JUN141930-30,12,maker,no,0.3779,0.3579,20,2.0,0,-7.1578
ETH,KXETH15M-26JUN141930-30,13,maker,yes,0.668,0.648,20,2.0,1,6.5474
ETH,KXETH15M-26JUN141315-15,13,flat,yes,0.921,0.7943,0.0,12.66,1,0.0
ETH,KXETH15M-26JUN141315-15,13,dynamic,yes,0.921,0.7943,0.0,12.66,1,0.0
ETH,KXETH15M-26JUN141330-30,10,maker,no,0.13,0.11,20,2.0,1,16.5542
ETH,KXETH15M-26JUN141330-30,11,maker,no,0.1216,0.1016,20,2.0,1,16.7096
ETH,KXETH15M-26JUN141330-30,12,maker,yes,0.8432,0.8232,20,2.0,0,-16.4644
ETH,KXETH15M-26JUN141330-30,13,maker,no,0.2272,0.2072,20,2.0,1,14.7466
ETH,KXETH15M-26JUN141345-45,10,maker,no,0.4548,0.4348,20,2.0,1,10.5128
ETH,KXETH15M-26JUN141345-45,11,maker,yes,0.5028,0.4828,20,2.0,0,-9.6567
ETH,KXETH15M-26JUN141345-45,12,maker,no,0.5163,0.4963,20,2.0,1,9.3694
ETH,KXETH15M-26JUN141415-15,10,flat,no,0.7799,0.65,20.0,12.99,0,-13.0
ETH,KXETH15M-26JUN141415-15,10,tt,no,0.7799,0.65,20.0,12.99,0,-13.0
ETH,KXETH15M-26JUN141415-15,10,dynamic,no,0.7799,0.65,195.68,12.99,0,-127.1905
ETH,KXETH15M-26JUN141415-15,10,maker,no,0.7799,0.7599,20,2.0,0,-15.1972
ETH,KXETH15M-26JUN141415-15,11,maker,no,0.7856,0.7656,20,2.0,0,-15.312
ETH,KXETH15M-26JUN141415-15,12,flat,no,0.7591,0.51,20.0,24.91,0,-10.2
ETH,KXETH15M-26JUN141415-15,12,tt,no,0.7591,0.51,20.0,24.91,0,-10.2
ETH,KXETH15M-26JUN141415-15,12,dynamic,no,0.7591,0.5226,172.7,24.91,0,-90.2436
ETH,KXETH15M-26JUN141415-15,12,maker,no,0.7591,0.7391,20,2.0,0,-14.7826
ETH,KXETH15M-26JUN141415-15,13,flat,no,0.5601,0.46,20.0,10.01,0,-9.2
ETH,KXETH15M-26JUN141415-15,13,tt,no,0.5601,0.46,20.0,10.01,0,-9.2
ETH,KXETH15M-26JUN141415-15,13,dynamic,no,0.5601,0.4956,132.77,10.01,0,-65.8003
ETH,KXETH15M-26JUN141415-15,13,maker,no,0.5601,0.5401,20,2.0,0,-10.8012
ETH,KXETH15M-26JUN141430-30,10,maker,no,0.9593,0.9393,20,2.0,1,1.1288
ETH,KXETH15M-26JUN141500-00,10,maker,yes,0.8657,0.8457,20,2.0,1,2.8706
ETH,KXETH15M-26JUN141500-00,11,maker,yes,0.8616,0.8416,20,2.0,1,2.946
ETH,KXETH15M-26JUN141515-15,10,maker,yes,0.8948,0.8748,20,2.0,1,2.3278
ETH,KXETH15M-26JUN141545-45,10,maker,yes,0.7275,0.7075,20,2.0,0,-14.1501
ETH,KXETH15M-26JUN141545-45,11,maker,no,0.4988,0.4788,20,2.0,1,9.6942
ETH,KXETH15M-26JUN142015-15,10,maker,yes,0.8678,0.8478,20,2.0,1,2.8317
ETH,KXETH15M-26JUN142015-15,11,maker,yes,0.8949,0.8749,20,2.0,1,2.3276
ETH,KXETH15M-26JUN142015-15,12,maker,yes,0.9089,0.8889,20,2.0,1,2.067
ETH,KXETH15M-26JUN142030-30,10,maker,no,0.9634,0.9434,20,2.0,1,1.0531
ETH,KXETH15M-26JUN142030-30,11,maker,no,0.9598,0.9398,20,2.0,1,1.1194
ETH,KXETH15M-26JUN142100-00,10,flat,no,0.4036,0.3,20.0,10.36,0,-6.0
ETH,KXETH15M-26JUN142100-00,10,tt,no,0.4036,0.3,20.0,10.36,0,-6.0
ETH,KXETH15M-26JUN142100-00,10,dynamic,no,0.4036,0.3,234.13,10.36,0,-70.2387
ETH,KXETH15M-26JUN142100-00,10,maker,no,0.4036,0.3836,20,2.0,0,-7.6713
ETH,KXETH15M-26JUN142100-00,11,maker,no,0.3954,0.3754,20,2.0,0,-7.5081
ETH,KXETH15M-26JUN142100-00,12,maker,yes,0.689,0.669,20,2.0,1,6.1574
ETH,KXETH15M-26JUN142100-00,13,flat,no,0.2822,0.0437,20.0,25.22,0,-0.8733
ETH,KXETH15M-26JUN142100-00,13,tt,no,0.2822,0.0437,20.0,25.22,0,-0.8733
ETH,KXETH15M-26JUN142100-00,13,dynamic,no,0.2822,0.067,1165.62,25.22,0,-78.1082
ETH,KXETH15M-26JUN142100-00,13,maker,no,0.2822,0.2622,20,2.0,0,-5.2433
ETH,KXETH15M-26JUN142215-15,13,flat,yes,0.9623,0.6835,0.0,27.88,1,0.0
ETH,KXETH15M-26JUN142215-15,13,dynamic,yes,0.9623,0.6835,0.0,27.88,1,0.0
ETH,KXETH15M-26JUN142230-30,10,flat,no,0.6636,0.3395,20.0,33.36,0,-6.79
ETH,KXETH15M-26JUN142230-30,10,tt,no,0.6636,0.3395,20.0,33.36,0,-6.79
ETH,KXETH15M-26JUN142230-30,10,dynamic,no,0.6636,0.4064,1133.96,33.36,0,-460.8297
ETH,KXETH15M-26JUN142230-30,10,maker,no,0.6636,0.6436,20,2.0,0,-12.8713
ETH,KXETH15M-26JUN142230-30,11,flat,no,0.7107,0.3,20.0,41.07,0,-6.0
ETH,KXETH15M-26JUN142230-30,11,tt,no,0.7107,0.3,20.0,41.07,0,-6.0
ETH,KXETH15M-26JUN142230-30,11,dynamic,no,0.7107,0.3985,1183.12,41.07,0,-471.5153
ETH,KXETH15M-26JUN142230-30,11,maker,no,0.7107,0.6907,20,2.0,0,-13.813
ETH,KXETH15M-26JUN142230-30,12,flat,no,0.7508,0.17,20.0,58.08,0,-3.4
ETH,KXETH15M-26JUN142230-30,12,tt,no,0.7508,0.17,20.0,58.08,0,-3.4
ETH,KXETH15M-26JUN142230-30,12,dynamic,no,0.7508,0.3392,1340.65,58.08,0,-454.7608
ETH,KXETH15M-26JUN142230-30,12,maker,no,0.7508,0.7308,20,2.0,0,-14.6161
ETH,KXETH15M-26JUN142230-30,13,flat,no,0.781,0.055,20.0,73.1,0,-1.1
ETH,KXETH15M-26JUN142230-30,13,tt,no,0.781,0.055,20.0,73.1,0,-1.1
ETH,KXETH15M-26JUN142230-30,13,dynamic,no,0.781,0.1378,3363.79,73.1,0,-463.5515
ETH,KXETH15M-26JUN142230-30,13,maker,no,0.781,0.761,20,2.0,0,-15.22
ETH,KXETH15M-26JUN142245-45,10,flat,yes,0.772,0.4146,20.0,37.2,0,-8.292
ETH,KXETH15M-26JUN142245-45,10,tt,yes,0.772,0.4146,20.0,37.2,0,-8.292
ETH,KXETH15M-26JUN142245-45,10,dynamic,yes,0.772,0.4232,213.64,37.2,0,-90.4014
ETH,KXETH15M-26JUN142245-45,10,maker,yes,0.772,0.752,20,2.0,0,-15.0394
ETH,KXETH15M-26JUN142245-45,11,flat,yes,0.7444,0.5253,20.0,23.44,0,-10.5056
ETH,KXETH15M-26JUN142245-45,11,tt,yes,0.7444,0.5253,20.0,23.44,0,-10.5056
ETH,KXETH15M-26JUN142245-45,11,dynamic,yes,0.7444,0.5368,166.27,23.44,0,-89.2618
ETH,KXETH15M-26JUN142245-45,11,maker,yes,0.7444,0.7244,20,2.0,0,-14.4874
ETH,KXETH15M-26JUN142245-45,12,flat,yes,0.7001,0.33,20.0,37.01,0,-6.6
ETH,KXETH15M-26JUN142245-45,12,tt,yes,0.7001,0.33,20.0,37.01,0,-6.6
ETH,KXETH15M-26JUN142245-45,12,dynamic,yes,0.7001,0.3388,245.84,37.01,0,-83.2865
ETH,KXETH15M-26JUN142245-45,12,maker,yes,0.7001,0.6801,20,2.0,0,-13.6015
ETH,KXETH15M-26JUN142245-45,13,flat,yes,0.6741,0.38,20.0,29.41,0,-7.6
ETH,KXETH15M-26JUN142245-45,13,tt,yes,0.6741,0.38,20.0,29.41,0,-7.6
ETH,KXETH15M-26JUN142245-45,13,dynamic,yes,0.6741,0.393,258.95,29.41,0,-101.7586
ETH,KXETH15M-26JUN142245-45,13,maker,yes,0.6741,0.6541,20,2.0,0,-13.0825
ETH,KXETH15M-26JUN142345-45,10,maker,yes,0.7838,0.7638,20,2.0,1,4.3933
ETH,KXETH15M-26JUN142345-45,11,flat,yes,0.8376,0.7144,20.0,12.76,1,5.3112
ETH,KXETH15M-26JUN142345-45,11,tt,yes,0.8376,0.7144,20.0,12.76,1,5.3112
ETH,KXETH15M-26JUN142345-45,11,dynamic,yes,0.8376,0.7197,359.34,12.76,1,93.6743
ETH,KXETH15M-26JUN142345-45,11,maker,yes,0.8376,0.8176,20,2.0,1,3.393
ETH,KXETH15M-26JUN142345-45,12,maker,yes,0.873,0.853,20,2.0,1,2.7334
ETH,KXETH15M-26JUN142345-45,13,maker,yes,0.8807,0.8607,20,2.0,1,2.5915
ETH,KXETH15M-26JUN150015-15,11,flat,yes,0.5441,0.29,20.0,25.41,0,-5.8
ETH,KXETH15M-26JUN150015-15,11,tt,yes,0.5441,0.29,20.0,25.41,0,-5.8
ETH,KXETH15M-26JUN150015-15,11,dynamic,yes,0.5441,0.3083,313.42,25.41,0,-96.619
ETH,KXETH15M-26JUN150015-15,11,maker,yes,0.5441,0.5241,20,2.0,0,-10.4818
ETH,KXETH15M-26JUN150030-30,10,maker,no,0.2658,0.2458,20,2.0,1,14.028
ETH,KXETH15M-26JUN150030-30,11,maker,no,0.3247,0.3047,20,2.0,1,12.9334
ETH,KXETH15M-26JUN150030-30,12,maker,yes,0.6342,0.6142,20,2.0,0,-12.2838
ETH,KXETH15M-26JUN150030-30,13,maker,no,0.4145,0.3945,20,2.0,1,11.2627
ETH,KXETH15M-26JUN150100-00,10,maker,yes,0.9259,0.9059,20,2.0,1,1.7507
ETH,KXETH15M-26JUN150100-00,11,maker,yes,0.9259,0.9059,20,2.0,1,1.7504
ETH,KXETH15M-26JUN150115-15,10,maker,yes,0.5242,0.5042,20,2.0,1,9.2212
ETH,KXETH15M-26JUN150115-15,11,maker,yes,0.603,0.583,20,2.0,1,7.7553
ETH,KXETH15M-26JUN150115-15,12,flat,yes,0.6798,0.33,20.0,34.98,1,12.462
ETH,KXETH15M-26JUN150115-15,12,tt,yes,0.6798,0.33,20.0,34.98,1,12.462
ETH,KXETH15M-26JUN150115-15,12,dynamic,yes,0.6798,0.3605,429.47,34.98,1,255.427
ETH,KXETH15M-26JUN150115-15,12,maker,yes,0.6798,0.6598,20,2.0,1,6.3268
ETH,KXETH15M-26JUN150115-15,13,maker,yes,0.7424,0.7224,20,2.0,1,5.1631
SOL,KXSOL15M-26JUN141615-15,10,maker,no,0.9196,0.8996,20,2.0,1,1.8673
SOL,KXSOL15M-26JUN141615-15,11,maker,no,0.8906,0.8706,20,2.0,1,2.4064
SOL,KXSOL15M-26JUN141700-00,10,flat,no,0.8103,0.47,20.0,34.03,1,9.858
SOL,KXSOL15M-26JUN141700-00,10,tt,no,0.8103,0.47,20.0,34.03,1,9.858
SOL,KXSOL15M-26JUN141700-00,10,dynamic,no,0.8103,0.47,438.87,34.03,1,216.3186
SOL,KXSOL15M-26JUN141700-00,10,maker,no,0.8103,0.7903,20,2.0,1,3.9002
SOL,KXSOL15M-26JUN141700-00,11,flat,no,0.8479,0.5693,20.0,28.79,1,8.0115
SOL,KXSOL15M-26JUN141700-00,11,tt,no,0.8479,0.5693,20.0,28.79,1,8.0115
SOL,KXSOL15M-26JUN141700-00,11,dynamic,no,0.8479,0.6149,548.56,28.79,1,196.4519
SOL,KXSOL15M-26JUN141700-00,11,maker,no,0.8479,0.8279,20,2.0,1,3.2005
SOL,KXSOL15M-26JUN141700-00,12,maker,no,0.882,0.862,20,2.0,1,2.5667
SOL,KXSOL15M-26JUN141700-00,13,flat,no,0.8979,0.5507,0.0,34.72,1,0.0
SOL,KXSOL15M-26JUN141700-00,13,dynamic,no,0.8979,0.5507,0.0,34.72,1,0.0
SOL,KXSOL15M-26JUN141715-15,10,maker,yes,0.8936,0.8736,20,2.0,1,2.351
SOL,KXSOL15M-26JUN141715-15,11,maker,yes,0.9103,0.8903,20,2.0,1,2.0401
SOL,KXSOL15M-26JUN141715-15,13,flat,yes,0.9345,0.7535,0.0,18.1,1,0.0
SOL,KXSOL15M-26JUN141715-15,13,dynamic,yes,0.9345,0.7535,0.0,18.1,1,0.0
SOL,KXSOL15M-26JUN141800-00,10,maker,yes,0.7889,0.7689,20,2.0,0,-15.3785
SOL,KXSOL15M-26JUN141800-00,11,maker,yes,0.7168,0.6968,20,2.0,0,-13.9369
SOL,KXSOL15M-26JUN141800-00,12,maker,yes,0.6848,0.6648,20,2.0,0,-13.2956
SOL,KXSOL15M-26JUN141800-00,13,maker,no,0.3773,0.3573,20,2.0,1,11.9545
SOL,KXSOL15M-26JUN141815-15,10,maker,no,0.7881,0.7681,20,2.0,0,-15.3627
SOL,KXSOL15M-26JUN141815-15,11,maker,yes,0.2457,0.2257,20,2.0,1,14.4019
SOL,KXSOL15M-26JUN141815-15,12,maker,yes,0.3037,0.2837,20,2.0,1,13.3228
SOL,KXSOL15M-26JUN141815-15,13,maker,yes,0.4439,0.4239,20,2.0,1,10.7158
SOL,KXSOL15M-26JUN141830-30,10,maker,no,0.6388,0.6188,20,2.0,1,7.0908
SOL,KXSOL15M-26JUN141830-30,11,maker,no,0.7273,0.7073,20,2.0,1,5.4437
SOL,KXSOL15M-26JUN141900-00,10,flat,no,0.9514,0.82,20.0,13.14,1,3.348
SOL,KXSOL15M-26JUN141900-00,10,tt,no,0.9514,0.82,20.0,13.14,1,3.348
SOL,KXSOL15M-26JUN141900-00,10,dynamic,no,0.9514,0.82,322.9,13.14,1,54.0535
SOL,KXSOL15M-26JUN141900-00,10,maker,no,0.9514,0.9314,20,2.0,1,1.2765
SOL,KXSOL15M-26JUN141900-00,11,maker,no,0.9584,0.9384,20,2.0,1,1.1449
SOL,KXSOL15M-26JUN141900-00,12,maker,no,0.9639,0.9439,20,2.0,1,1.0437
SOL,KXSOL15M-26JUN141900-00,13,flat,no,0.9674,0.7046,0.0,26.28,1,0.0
SOL,KXSOL15M-26JUN141900-00,13,dynamic,no,0.9674,0.7046,0.0,26.28,1,0.0
SOL,KXSOL15M-26JUN141900-00,13,maker,no,0.9674,0.9474,20,2.0,1,0.9793
SOL,KXSOL15M-26JUN141300-00,12,flat,no,0.9718,0.8086,0.0,16.33,1,0.0
SOL,KXSOL15M-26JUN141300-00,12,dynamic,no,0.9718,0.8086,0.0,16.33,1,0.0
SOL,KXSOL15M-26JUN141300-00,13,flat,no,0.9727,0.8086,0.0,16.41,1,0.0
SOL,KXSOL15M-26JUN141300-00,13,dynamic,no,0.9727,0.8086,0.0,16.41,1,0.0
SOL,KXSOL15M-26JUN141330-30,10,maker,no,0.8998,0.8798,20,2.0,1,2.236
SOL,KXSOL15M-26JUN141330-30,11,maker,no,0.9197,0.8997,20,2.0,1,1.8652
SOL,KXSOL15M-26JUN141330-30,12,maker,no,0.9329,0.9129,20,2.0,1,1.6193
SOL,KXSOL15M-26JUN141330-30,13,flat,no,0.9423,0.698,0.0,24.43,1,0.0
SOL,KXSOL15M-26JUN141330-30,13,dynamic,no,0.9423,0.698,0.0,24.43,1,0.0
SOL,KXSOL15M-26JUN141330-30,13,maker,no,0.9423,0.9223,20,2.0,1,1.445
SOL,KXSOL15M-26JUN141345-45,10,maker,no,0.8541,0.8341,20,2.0,1,3.085
SOL,KXSOL15M-26JUN141345-45,11,maker,yes,0.1204,0.1004,20,2.0,0,-2.0076
SOL,KXSOL15M-26JUN141345-45,12,maker,yes,0.2088,0.1888,20,2.0,0,-3.7767
SOL,KXSOL15M-26JUN141345-45,13,maker,no,0.7484,0.7284,20,2.0,1,5.0524
SOL,KXSOL15M-26JUN141400-00,13,flat,no,0.9687,0.6067,0.0,36.21,1,0.0
SOL,KXSOL15M-26JUN141400-00,13,dynamic,no,0.9687,0.6067,0.0,36.21,1,0.0
SOL,KXSOL15M-26JUN141415-15,11,maker,yes,0.7759,0.7559,20,2.0,1,4.5406
SOL,KXSOL15M-26JUN141445-45,12,flat,yes,0.9217,0.7694,0.0,15.23,1,0.0
SOL,KXSOL15M-26JUN141445-45,12,dynamic,yes,0.9217,0.7694,0.0,15.23,1,0.0
SOL,KXSOL15M-26JUN141445-45,13,flat,yes,0.9275,0.7694,0.0,15.8,1,0.0
SOL,KXSOL15M-26JUN141445-45,13,dynamic,yes,0.9275,0.7694,0.0,15.8,1,0.0
SOL,KXSOL15M-26JUN141500-00,10,maker,no,0.3195,0.2995,20,2.0,0,-5.9897
SOL,KXSOL15M-26JUN141500-00,11,maker,no,0.6146,0.5946,20,2.0,0,-11.8915
SOL,KXSOL15M-26JUN141500-00,12,flat,no,0.7207,0.44,20.0,28.07,0,-8.8
SOL,KXSOL15M-26JUN141500-00,12,tt,no,0.7207,0.44,20.0,28.07,0,-8.8
SOL,KXSOL15M-26JUN141500-00,12,dynamic,no,0.7207,0.476,339.14,28.07,0,-161.4218
SOL,KXSOL15M-26JUN141500-00,12,maker,no,0.7207,0.7007,20,2.0,0,-14.0137
SOL,KXSOL15M-26JUN141500-00,13,flat,no,0.7614,0.09,20.0,67.14,0,-1.8
SOL,KXSOL15M-26JUN141500-00,13,tt,no,0.7614,0.09,20.0,67.14,0,-1.8
SOL,KXSOL15M-26JUN141500-00,13,dynamic,no,0.7614,0.17,649.35,67.14,0,-110.3995
SOL,KXSOL15M-26JUN141500-00,13,maker,no,0.7614,0.7414,20,2.0,0,-14.8287
SOL,KXSOL15M-26JUN141515-15,12,flat,yes,0.648,0.4909,0.0,15.71,1,0.0
SOL,KXSOL15M-26JUN141515-15,12,dynamic,yes,0.648,0.4909,0.0,15.71,1,0.0
SOL,KXSOL15M-26JUN141515-15,13,flat,yes,0.7202,0.4909,0.0,22.93,1,0.0
SOL,KXSOL15M-26JUN141515-15,13,dynamic,yes,0.7202,0.4909,0.0,22.93,1,0.0
SOL,KXSOL15M-26JUN141545-45,11,maker,no,0.8512,0.8312,20,2.0,1,3.1401
SOL,KXSOL15M-26JUN141545-45,12,maker,no,0.872,0.852,20,2.0,1,2.7526
SOL,KXSOL15M-26JUN141600-00,10,flat,no,0.8228,0.5785,20.0,26.28,1,7.8399
SOL,KXSOL15M-26JUN141600-00,10,tt,no,0.8228,0.5785,20.0,26.28,1,7.8399
SOL,KXSOL15M-26JUN141600-00,10,dynamic,no,0.8228,0.5799,217.5,26.28,1,84.9832
SOL,KXSOL15M-26JUN141600-00,10,maker,no,0.8228,0.8028,20,2.0,1,3.6674
SOL,KXSOL15M-26JUN141600-00,11,maker,no,0.7757,0.7557,20,2.0,1,4.5434
SOL,KXSOL15M-26JUN141600-00,12,maker,yes,0.3274,0.3074,20,2.0,0,-6.1477
SOL,KXSOL15M-26JUN141600-00,13,maker,no,0.62,0.6,20,2.0,1,7.4401
SOL,KXSOL15M-26JUN142000-00,13,flat,yes,0.9109,0.7195,0.0,19.14,1,0.0
SOL,KXSOL15M-26JUN142000-00,13,dynamic,yes,0.9109,0.7195,0.0,19.14,1,0.0
SOL,KXSOL15M-26JUN142030-30,10,maker,no,0.9367,0.9167,20,2.0,0,-18.3344
SOL,KXSOL15M-26JUN142045-45,11,flat,no,0.9792,0.7191,0.0,26.01,1,0.0
SOL,KXSOL15M-26JUN142045-45,11,dynamic,no,0.9792,0.7191,0.0,26.01,1,0.0
SOL,KXSOL15M-26JUN142045-45,12,flat,no,0.9806,0.7191,0.0,26.16,1,0.0
SOL,KXSOL15M-26JUN142045-45,12,dynamic,no,0.9806,0.7191,0.0,26.16,1,0.0
SOL,KXSOL15M-26JUN142045-45,13,flat,no,0.9812,0.7191,0.0,26.22,1,0.0
SOL,KXSOL15M-26JUN142045-45,13,dynamic,no,0.9812,0.7191,0.0,26.22,1,0.0
SOL,KXSOL15M-26JUN142100-00,11,maker,yes,0.7654,0.7454,20,2.0,1,4.7352
SOL,KXSOL15M-26JUN142100-00,13,flat,yes,0.8889,0.6668,0.0,22.21,1,0.0
SOL,KXSOL15M-26JUN142100-00,13,dynamic,yes,0.8889,0.6668,0.0,22.21,1,0.0
SOL,KXSOL15M-26JUN142130-30,10,maker,no,0.9663,0.9463,20,2.0,1,0.9986
SOL,KXSOL15M-26JUN142200-00,13,flat,no,0.9414,0.7066,0.0,23.48,1,0.0
SOL,KXSOL15M-26JUN142200-00,13,dynamic,no,0.9414,0.7066,0.0,23.48,1,0.0
SOL,KXSOL15M-26JUN142215-15,12,flat,yes,0.9567,0.8467,0.0,11.01,1,0.0
SOL,KXSOL15M-26JUN142215-15,12,dynamic,yes,0.9567,0.8467,0.0,11.01,1,0.0
SOL,KXSOL15M-26JUN142215-15,13,flat,yes,0.9589,0.8467,0.0,11.22,1,0.0
SOL,KXSOL15M-26JUN142215-15,13,dynamic,yes,0.9589,0.8467,0.0,11.22,1,0.0
SOL,KXSOL15M-26JUN142230-30,10,flat,no,0.7345,0.61,20.0,12.45,1,7.254
SOL,KXSOL15M-26JUN142230-30,10,tt,no,0.7345,0.61,20.0,12.45,1,7.254
SOL,KXSOL15M-26JUN142230-30,10,dynamic,no,0.7345,0.6625,692.45,12.45,1,217.3218
SOL,KXSOL15M-26JUN142230-30,10,maker,no,0.7345,0.7145,20,2.0,1,5.3094
SOL,KXSOL15M-26JUN142230-30,11,flat,no,0.7931,0.3225,20.0,49.31,1,12.6015
SOL,KXSOL15M-26JUN142230-30,11,tt,no,0.7931,0.3225,20.0,49.31,1,12.6015
SOL,KXSOL15M-26JUN142230-30,11,dynamic,no,0.7931,0.4035,980.46,49.31,1,543.9153
SOL,KXSOL15M-26JUN142230-30,11,maker,no,0.7931,0.7731,20,2.0,1,4.2205
SOL,KXSOL15M-26JUN142230-30,12,flat,no,0.8348,0.21,20.0,62.48,1,14.694
SOL,KXSOL15M-26JUN142230-30,12,tt,no,0.8348,0.21,20.0,62.48,1,14.694
SOL,KXSOL15M-26JUN142230-30,12,dynamic,no,0.8348,0.267,1127.74,62.48,1,768.815
SOL,KXSOL15M-26JUN142230-30,12,maker,no,0.8348,0.8148,20,2.0,1,3.444
SOL,KXSOL15M-26JUN142230-30,13,flat,no,0.8646,0.29,20.0,57.46,1,13.206
SOL,KXSOL15M-26JUN142230-30,13,tt,no,0.8646,0.29,20.0,57.46,1,13.206
SOL,KXSOL15M-26JUN142230-30,13,dynamic,no,0.8646,0.529,1006.42,57.46,1,440.8401
SOL,KXSOL15M-26JUN142230-30,13,maker,no,0.8646,0.8446,20,2.0,1,2.8897
SOL,KXSOL15M-26JUN142245-45,10,maker,no,0.8331,0.8131,20,2.0,1,3.476
SOL,KXSOL15M-26JUN142245-45,11,maker,no,0.7847,0.7647,20,2.0,1,4.3766
SOL,KXSOL15M-26JUN142315-15,12,flat,yes,0.9637,0.8522,0.0,11.15,1,0.0
SOL,KXSOL15M-26JUN142315-15,12,dynamic,yes,0.9637,0.8522,0.0,11.15,1,0.0
SOL,KXSOL15M-26JUN142315-15,13,flat,yes,0.967,0.8522,0.0,11.48,1,0.0
SOL,KXSOL15M-26JUN142315-15,13,dynamic,yes,0.967,0.8522,0.0,11.48,1,0.0
SOL,KXSOL15M-26JUN142345-45,10,maker,yes,0.6001,0.5801,20,2.0,1,7.8109
SOL,KXSOL15M-26JUN142345-45,11,flat,yes,0.7678,0.56,20.0,20.78,1,8.184
SOL,KXSOL15M-26JUN142345-45,11,tt,yes,0.7678,0.56,20.0,20.78,1,8.184
SOL,KXSOL15M-26JUN142345-45,11,dynamic,yes,0.7678,0.5846,652.06,20.78,1,251.9124
SOL,KXSOL15M-26JUN142345-45,11,maker,yes,0.7678,0.7478,20,2.0,1,4.6913
SOL,KXSOL15M-26JUN142345-45,12,flat,yes,0.7945,0.68,20.0,11.45,1,5.952
SOL,KXSOL15M-26JUN142345-45,12,tt,yes,0.7945,0.68,20.0,11.45,1,5.952
SOL,KXSOL15M-26JUN142345-45,12,dynamic,yes,0.7945,0.8058,442.04,11.45,1,79.8215
SOL,KXSOL15M-26JUN142345-45,12,maker,yes,0.7945,0.7745,20,2.0,1,4.1948
SOL,KXSOL15M-26JUN142345-45,13,flat,yes,0.862,0.3372,0.0,52.48,1,0.0
SOL,KXSOL15M-26JUN142345-45,13,dynamic,yes,0.862,0.3372,0.0,52.48,1,0.0
SOL,KXSOL15M-26JUN142345-45,13,maker,yes,0.862,0.842,20,2.0,1,2.9395
SOL,KXSOL15M-26JUN150000-00,10,maker,no,0.6643,0.6443,20,2.0,1,6.616
SOL,KXSOL15M-26JUN150000-00,11,maker,yes,0.4114,0.3914,20,2.0,0,-7.829
SOL,KXSOL15M-26JUN150000-00,12,maker,no,0.6608,0.6408,20,2.0,1,6.6809
SOL,KXSOL15M-26JUN150015-15,10,maker,no,0.8461,0.8261,20,2.0,1,3.2347
SOL,KXSOL15M-26JUN150015-15,11,maker,no,0.7979,0.7779,20,2.0,1,4.1312
SOL,KXSOL15M-26JUN150015-15,12,maker,no,0.749,0.729,20,2.0,1,5.0414
SOL,KXSOL15M-26JUN150030-30,13,flat,no,0.6666,0.4665,0.0,20.0,1,0.0
SOL,KXSOL15M-26JUN150030-30,13,dynamic,no,0.6666,0.4665,0.0,20.0,1,0.0
SOL,KXSOL15M-26JUN150045-45,12,flat,no,0.8758,0.7136,0.0,16.21,1,0.0
SOL,KXSOL15M-26JUN150045-45,12,dynamic,no,0.8758,0.7136,0.0,16.21,1,0.0
SOL,KXSOL15M-26JUN150045-45,13,flat,no,0.8915,0.7136,0.0,17.79,1,0.0
SOL,KXSOL15M-26JUN150045-45,13,dynamic,no,0.8915,0.7136,0.0,17.79,1,0.0
SOL,KXSOL15M-26JUN150100-00,10,flat,yes,0.9448,0.61,20.0,33.48,1,7.254
SOL,KXSOL15M-26JUN150100-00,10,tt,yes,0.9448,0.61,20.0,33.48,1,7.254
SOL,KXSOL15M-26JUN150100-00,10,dynamic,yes,0.9448,0.61,264.84,33.48,1,96.0564
SOL,KXSOL15M-26JUN150100-00,10,maker,yes,0.9448,0.9248,20,2.0,1,1.3989
SOL,KXSOL15M-26JUN150100-00,11,maker,yes,0.693,0.673,20,2.0,1,6.0819
SOL,KXSOL15M-26JUN150100-00,12,maker,yes,0.6238,0.6038,20,2.0,1,7.3697
SOL,KXSOL15M-26JUN150100-00,13,maker,yes,0.5645,0.5445,20,2.0,1,8.4715
SOL,KXSOL15M-26JUN150115-15,10,maker,yes,0.2024,0.1824,20,2.0,1,15.2081
XRP,KXXRP15M-26JUN141615-15,10,flat,no,0.8661,0.56,20.0,30.61,1,8.184
XRP,KXXRP15M-26JUN141615-15,10,tt,no,0.8661,0.56,20.0,30.61,1,8.184
XRP,KXXRP15M-26JUN141615-15,10,dynamic,no,0.8661,0.5636,373.63,30.61,1,151.6473
XRP,KXXRP15M-26JUN141615-15,10,maker,no,0.8661,0.8461,20,2.0,1,2.8627
XRP,KXXRP15M-26JUN141615-15,11,flat,no,0.8877,0.49,20.0,39.77,1,9.486
XRP,KXXRP15M-26JUN141615-15,11,tt,no,0.8877,0.49,20.0,39.77,1,9.486
XRP,KXXRP15M-26JUN141615-15,11,dynamic,no,0.8877,0.4908,447.52,39.77,1,211.9217
XRP,KXXRP15M-26JUN141615-15,11,maker,no,0.8877,0.8677,20,2.0,1,2.4607
XRP,KXXRP15M-26JUN141615-15,12,flat,no,0.8282,0.53,20.0,29.82,1,8.742
XRP,KXXRP15M-26JUN141615-15,12,tt,no,0.8282,0.53,20.0,29.82,1,8.742
XRP,KXXRP15M-26JUN141615-15,12,dynamic,no,0.8282,0.5608,330.05,29.82,1,134.8047
XRP,KXXRP15M-26JUN141615-15,12,maker,no,0.8282,0.8082,20,2.0,1,3.568
XRP,KXXRP15M-26JUN141615-15,13,maker,no,0.8316,0.8116,20,2.0,1,3.5048
XRP,KXXRP15M-26JUN141630-30,10,maker,yes,0.9524,0.9324,20,2.0,1,1.2575
XRP,KXXRP15M-26JUN141630-30,11,flat,yes,0.9574,0.6233,0.0,33.41,1,0.0
XRP,KXXRP15M-26JUN141630-30,11,dynamic,yes,0.9574,0.6233,0.0,33.41,1,0.0
XRP,KXXRP15M-26JUN141630-30,11,maker,yes,0.9574,0.9374,20,2.0,1,1.1644
XRP,KXXRP15M-26JUN141630-30,12,flat,yes,0.9611,0.6233,0.0,33.78,1,0.0
XRP,KXXRP15M-26JUN141630-30,12,dynamic,yes,0.9611,0.6233,0.0,33.78,1,0.0
XRP,KXXRP15M-26JUN141630-30,12,maker,yes,0.9611,0.9411,20,2.0,1,1.0953
XRP,KXXRP15M-26JUN141630-30,13,maker,yes,0.9629,0.9429,20,2.0,1,1.0619
XRP,KXXRP15M-26JUN141645-45,12,flat,yes,0.9197,0.7888,0.0,13.08,1,0.0
XRP,KXXRP15M-26JUN141645-45,12,dynamic,yes,0.9197,0.7888,0.0,13.08,1,0.0
XRP,KXXRP15M-26JUN141700-00,10,flat,no,0.786,0.67,20.0,11.6,1,6.138
XRP,KXXRP15M-26JUN141700-00,10,tt,no,0.786,0.67,20.0,11.6,1,6.138
XRP,KXXRP15M-26JUN141700-00,10,dynamic,no,0.786,0.67,273.8,11.6,1,84.0288
XRP,KXXRP15M-26JUN141700-00,10,maker,no,0.786,0.766,20,2.0,1,4.3518
XRP,KXXRP15M-26JUN141700-00,11,maker,no,0.8335,0.8135,20,2.0,1,3.4686
XRP,KXXRP15M-26JUN141700-00,12,maker,no,0.871,0.851,20,2.0,1,2.7711
XRP,KXXRP15M-26JUN141700-00,13,flat,no,0.8921,0.7006,0.0,19.15,1,0.0
XRP,KXXRP15M-26JUN141700-00,13,dynamic,no,0.8921,0.7006,0.0,19.15,1,0.0
XRP,KXXRP15M-26JUN141800-00,13,flat,no,0.2115,0.05,20.0,16.15,0,-1.0
XRP,KXXRP15M-26JUN141800-00,13,tt,no,0.2115,0.05,20.0,16.15,0,-1.0
XRP,KXXRP15M-26JUN141800-00,13,dynamic,no,0.2115,0.0834,1248.64,16.15,0,-104.1547
XRP,KXXRP15M-26JUN141800-00,13,maker,no,0.2115,0.1915,20,2.0,0,-3.831
XRP,KXXRP15M-26JUN141815-15,10,maker,no,0.9358,0.9158,20,2.0,0,-18.3164
XRP,KXXRP15M-26JUN141815-15,11,maker,yes,0.1096,0.0896,20,2.0,1,16.9341
XRP,KXXRP15M-26JUN141815-15,13,maker,yes,0.2927,0.2727,20,2.0,1,13.5273
XRP,KXXRP15M-26JUN141830-30,10,flat,yes,0.9321,0.65,20.0,28.21,1,6.51
XRP,KXXRP15M-26JUN141830-30,10,tt,yes,0.9321,0.65,20.0,28.21,1,6.51
XRP,KXXRP15M-26JUN141830-30,10,dynamic,yes,0.9321,0.65,428.97,28.21,1,139.6303
XRP,KXXRP15M-26JUN141830-30,10,maker,yes,0.9321,0.9121,20,2.0,1,1.6358
XRP,KXXRP15M-26JUN141830-30,11,maker,no,0.1749,0.1549,20,2.0,0,-3.0981
XRP,KXXRP15M-26JUN141830-30,12,maker,no,0.2136,0.1936,20,2.0,0,-3.8725
XRP,KXXRP15M-26JUN141830-30,13,flat,yes,0.7445,0.51,20.0,23.45,1,9.114
XRP,KXXRP15M-26JUN141830-30,13,tt,yes,0.7445,0.51,20.0,23.45,1,9.114
XRP,KXXRP15M-26JUN141830-30,13,dynamic,yes,0.7445,0.5652,266.6,23.45,1,107.8049
XRP,KXXRP15M-26JUN141830-30,13,maker,yes,0.7445,0.7245,20,2.0,1,5.1242
XRP,KXXRP15M-26JUN141845-45,10,maker,yes,0.9195,0.8995,20,2.0,1,1.8691
XRP,KXXRP15M-26JUN141845-45,11,maker,yes,0.8996,0.8796,20,2.0,1,2.2388
XRP,KXXRP15M-26JUN141900-00,10,maker,yes,0.1519,0.1319,20,2.0,0,-2.6388
XRP,KXXRP15M-26JUN141900-00,11,maker,yes,0.2711,0.2511,20,2.0,0,-5.0215
XRP,KXXRP15M-26JUN141900-00,12,maker,yes,0.3019,0.2819,20,2.0,0,-5.6376
XRP,KXXRP15M-26JUN141900-00,13,maker,no,0.7169,0.6969,20,2.0,1,5.6368
XRP,KXXRP15M-26JUN141915-15,10,maker,no,0.5414,0.5214,20,2.0,0,-10.4278
XRP,KXXRP15M-26JUN141915-15,11,maker,yes,0.4981,0.4781,20,2.0,1,9.7081
XRP,KXXRP15M-26JUN141930-30,10,maker,yes,0.8187,0.7987,20,2.0,1,3.7437
XRP,KXXRP15M-26JUN141930-30,11,flat,yes,0.8925,0.6892,0.0,20.33,1,0.0
XRP,KXXRP15M-26JUN141930-30,11,dynamic,yes,0.8925,0.6892,0.0,20.33,1,0.0
XRP,KXXRP15M-26JUN141930-30,12,flat,yes,0.9185,0.6892,0.0,22.93,1,0.0
XRP,KXXRP15M-26JUN141930-30,12,dynamic,yes,0.9185,0.6892,0.0,22.93,1,0.0
XRP,KXXRP15M-26JUN141930-30,13,flat,yes,0.9342,0.6892,0.0,24.5,1,0.0
XRP,KXXRP15M-26JUN141930-30,13,dynamic,yes,0.9342,0.6892,0.0,24.5,1,0.0
XRP,KXXRP15M-26JUN141300-00,10,flat,no,0.9545,0.7,0.0,25.45,1,0.0
XRP,KXXRP15M-26JUN141300-00,10,dynamic,no,0.9545,0.7,0.0,25.45,1,0.0
XRP,KXXRP15M-26JUN141300-00,13,flat,no,0.9622,0.7,0.0,26.22,1,0.0
XRP,KXXRP15M-26JUN141300-00,13,dynamic,no,0.9622,0.7,0.0,26.22,1,0.0
XRP,KXXRP15M-26JUN141315-15,10,maker,yes,0.8277,0.8077,20,2.0,1,3.577
XRP,KXXRP15M-26JUN141330-30,13,flat,no,0.9389,0.7736,0.0,16.53,1,0.0
XRP,KXXRP15M-26JUN141330-30,13,dynamic,no,0.9389,0.7736,0.0,16.53,1,0.0
XRP,KXXRP15M-26JUN141345-45,10,maker,no,0.5487,0.5287,20,2.0,0,-10.5742
XRP,KXXRP15M-26JUN141345-45,11,maker,yes,0.3873,0.3673,20,2.0,1,11.7684
XRP,KXXRP15M-26JUN141345-45,12,maker,yes,0.4843,0.4643,20,2.0,1,9.9646
XRP,KXXRP15M-26JUN141345-45,13,maker,yes,0.5901,0.5701,20,2.0,1,7.9961
XRP,KXXRP15M-26JUN141415-15,10,maker,yes,0.8536,0.8336,20,2.0,1,3.0957
XRP,KXXRP15M-26JUN141415-15,11,maker,yes,0.8824,0.8624,20,2.0,1,2.5589
XRP,KXXRP15M-26JUN141430-30,13,flat,no,0.935,0.5103,0.0,42.47,1,0.0
XRP,KXXRP15M-26JUN141430-30,13,dynamic,no,0.935,0.5103,0.0,42.47,1,0.0
XRP,KXXRP15M-26JUN141445-45,12,flat,yes,0.9392,0.6132,0.0,32.6,1,0.0
XRP,KXXRP15M-26JUN141445-45,12,dynamic,yes,0.9392,0.6132,0.0,32.6,1,0.0
XRP,KXXRP15M-26JUN141445-45,13,flat,yes,0.9441,0.6132,0.0,33.09,1,0.0
XRP,KXXRP15M-26JUN141445-45,13,dynamic,yes,0.9441,0.6132,0.0,33.09,1,0.0
XRP,KXXRP15M-26JUN141500-00,10,maker,no,0.8584,0.8384,20,2.0,1,3.0062
XRP,KXXRP15M-26JUN141500-00,11,maker,no,0.8887,0.8687,20,2.0,1,2.4415
XRP,KXXRP15M-26JUN141500-00,13,flat,no,0.9212,0.6887,0.0,23.25,1,0.0
XRP,KXXRP15M-26JUN141500-00,13,dynamic,no,0.9212,0.6887,0.0,23.25,1,0.0
XRP,KXXRP15M-26JUN141515-15,10,flat,no,0.8496,0.58,20.0,26.96,0,-11.6
XRP,KXXRP15M-26JUN141515-15,10,tt,no,0.8496,0.58,20.0,26.96,0,-11.6
XRP,KXXRP15M-26JUN141515-15,10,dynamic,no,0.8496,0.5857,177.99,26.96,0,-104.2549
XRP,KXXRP15M-26JUN141515-15,10,maker,no,0.8496,0.8296,20,2.0,0,-16.5914
XRP,KXXRP15M-26JUN141515-15,13,flat,yes,0.6002,0.4705,0.0,12.97,1,0.0
XRP,KXXRP15M-26JUN141515-15,13,dynamic,yes,0.6002,0.4705,0.0,12.97,1,0.0
XRP,KXXRP15M-26JUN141545-45,10,flat,no,0.6709,0.52,20.0,15.09,1,8.928
XRP,KXXRP15M-26JUN141545-45,10,tt,no,0.6709,0.52,20.0,15.09,1,8.928
XRP,KXXRP15M-26JUN141545-45,10,dynamic,no,0.6709,0.52,148.15,15.09,1,66.1359
XRP,KXXRP15M-26JUN141545-45,10,maker,no,0.6709,0.6509,20,2.0,1,6.4937
XRP,KXXRP15M-26JUN141545-45,11,maker,no,0.72,0.7,20,2.0,1,5.5793
XRP,KXXRP15M-26JUN141600-00,10,maker,no,0.9363,0.9163,20,2.0,1,1.5568
XRP,KXXRP15M-26JUN141600-00,11,maker,no,0.9279,0.9079,20,2.0,1,1.7127
XRP,KXXRP15M-26JUN141600-00,12,maker,yes,0.1129,0.0929,20,2.0,0,-1.8586
XRP,KXXRP15M-26JUN141600-00,13,flat,no,0.8808,0.7512,0.0,12.96,1,0.0
XRP,KXXRP15M-26JUN141600-00,13,tt,no,0.8808,0.7512,0.0,12.96,1,0.0
XRP,KXXRP15M-26JUN141600-00,13,dynamic,no,0.8808,0.7512,0.0,12.96,1,0.0
XRP,KXXRP15M-26JUN141600-00,13,maker,no,0.8808,0.8608,20,2.0,1,2.5884
XRP,KXXRP15M-26JUN141945-45,10,maker,no,0.3862,0.3662,20,2.0,0,-7.3248
XRP,KXXRP15M-26JUN141945-45,11,maker,yes,0.6343,0.6143,20,2.0,1,7.1743
XRP,KXXRP15M-26JUN142015-15,10,maker,no,0.6692,0.6492,20,2.0,1,6.5242
XRP,KXXRP15M-26JUN142030-30,10,maker,no,0.9259,0.9059,20,2.0,1,1.7508
XRP,KXXRP15M-26JUN142030-30,11,flat,no,0.912,0.67,20.0,24.2,1,6.138
XRP,KXXRP15M-26JUN142030-30,11,tt,no,0.912,0.67,20.0,24.2,1,6.138
XRP,KXXRP15M-26JUN142030-30,11,dynamic,no,0.912,0.67,254.75,24.2,1,78.183
XRP,KXXRP15M-26JUN142030-30,11,maker,no,0.912,0.892,20,2.0,1,2.0081
XRP,KXXRP15M-26JUN142030-30,12,flat,no,0.6654,0.53,20.0,13.54,1,8.742
XRP,KXXRP15M-26JUN142030-30,12,tt,no,0.6654,0.53,20.0,13.54,1,8.742
XRP,KXXRP15M-26JUN142030-30,12,dynamic,no,0.6654,0.5384,159.25,13.54,1,68.3605
XRP,KXXRP15M-26JUN142030-30,12,maker,no,0.6654,0.6454,20,2.0,1,6.5948
XRP,KXXRP15M-26JUN142030-30,13,maker,no,0.6487,0.6287,20,2.0,1,6.9061
XRP,KXXRP15M-26JUN142045-45,13,flat,no,0.929,0.8205,0.0,10.85,1,0.0
XRP,KXXRP15M-26JUN142045-45,13,dynamic,no,0.929,0.8205,0.0,10.85,1,0.0
XRP,KXXRP15M-26JUN142100-00,13,flat,yes,0.9263,0.6792,0.0,24.7,1,0.0
XRP,KXXRP15M-26JUN142100-00,13,dynamic,yes,0.9263,0.6792,0.0,24.7,1,0.0
XRP,KXXRP15M-26JUN142130-30,10,maker,no,0.9632,0.9432,20,2.0,1,1.0556
XRP,KXXRP15M-26JUN142145-45,11,flat,yes,0.944,0.7324,0.0,21.17,1,0.0
XRP,KXXRP15M-26JUN142145-45,11,dynamic,yes,0.944,0.7324,0.0,21.17,1,0.0
XRP,KXXRP15M-26JUN142145-45,12,flat,yes,0.9519,0.7324,0.0,21.95,1,0.0
XRP,KXXRP15M-26JUN142145-45,12,dynamic,yes,0.9519,0.7324,0.0,21.95,1,0.0
XRP,KXXRP15M-26JUN142145-45,13,flat,yes,0.9573,0.7324,0.0,22.49,1,0.0
XRP,KXXRP15M-26JUN142145-45,13,dynamic,yes,0.9573,0.7324,0.0,22.49,1,0.0
XRP,KXXRP15M-26JUN142200-00,12,flat,no,0.8734,0.547,0.0,32.64,1,0.0
XRP,KXXRP15M-26JUN142200-00,12,dynamic,no,0.8734,0.547,0.0,32.64,1,0.0
XRP,KXXRP15M-26JUN142200-00,13,flat,no,0.8868,0.547,0.0,33.98,1,0.0
XRP,KXXRP15M-26JUN142200-00,13,dynamic,no,0.8868,0.547,0.0,33.98,1,0.0
XRP,KXXRP15M-26JUN142215-15,12,flat,yes,0.9012,0.6114,0.0,28.98,1,0.0
XRP,KXXRP15M-26JUN142215-15,12,dynamic,yes,0.9012,0.6114,0.0,28.98,1,0.0
XRP,KXXRP15M-26JUN142215-15,13,flat,yes,0.9147,0.6114,0.0,30.33,1,0.0
XRP,KXXRP15M-26JUN142215-15,13,dynamic,yes,0.9147,0.6114,0.0,30.33,1,0.0
XRP,KXXRP15M-26JUN142230-30,10,flat,no,0.6133,0.3655,20.0,30.33,1,11.8017
XRP,KXXRP15M-26JUN142230-30,10,tt,no,0.6133,0.3655,20.0,30.33,1,11.8017
XRP,KXXRP15M-26JUN142230-30,10,dynamic,no,0.6133,0.3823,872.35,30.33,1,501.1561
XRP,KXXRP15M-26JUN142230-30,10,maker,no,0.6133,0.5933,20,2.0,1,7.5647
XRP,KXXRP15M-26JUN142230-30,11,flat,no,0.695,0.34,20.0,35.5,1,12.276
XRP,KXXRP15M-26JUN142230-30,11,tt,no,0.695,0.34,20.0,35.5,1,12.276
XRP,KXXRP15M-26JUN142230-30,11,dynamic,no,0.695,0.3984,932.27,35.5,1,521.6205
XRP,KXXRP15M-26JUN142230-30,11,maker,no,0.695,0.675,20,2.0,1,6.045
XRP,KXXRP15M-26JUN142230-30,12,flat,no,0.7906,0.43,20.0,36.06,1,10.602
XRP,KXXRP15M-26JUN142230-30,12,tt,no,0.7906,0.43,20.0,36.06,1,10.602
XRP,KXXRP15M-26JUN142230-30,12,dynamic,no,0.7906,0.7278,689.38,36.06,1,174.4827
XRP,KXXRP15M-26JUN142230-30,12,maker,no,0.7906,0.7706,20,2.0,1,4.2676
XRP,KXXRP15M-26JUN142230-30,13,flat,no,0.8177,0.6,20.0,21.77,1,7.44
XRP,KXXRP15M-26JUN142230-30,13,tt,no,0.8177,0.6,20.0,21.77,1,7.44
XRP,KXXRP15M-26JUN142230-30,13,dynamic,no,0.8177,0.7663,636.31,21.77,1,138.3147
XRP,KXXRP15M-26JUN142230-30,13,maker,no,0.8177,0.7977,20,2.0,1,3.7623
XRP,KXXRP15M-26JUN142245-45,10,maker,no,0.8153,0.7953,20,2.0,1,3.8078
XRP,KXXRP15M-26JUN142245-45,11,maker,no,0.8192,0.7992,20,2.0,1,3.7345
XRP,KXXRP15M-26JUN142245-45,12,maker,no,0.8384,0.8184,20,2.0,1,3.3785
XRP,KXXRP15M-26JUN142300-00,13,flat,no,0.959,0.8325,0.0,12.65,1,0.0
XRP,KXXRP15M-26JUN142300-00,13,dynamic,no,0.959,0.8325,0.0,12.65,1,0.0
XRP,KXXRP15M-26JUN142315-15,10,flat,yes,0.9665,0.7583,0.0,20.82,1,0.0
XRP,KXXRP15M-26JUN142315-15,10,dynamic,yes,0.9665,0.7583,0.0,20.82,1,0.0
XRP,KXXRP15M-26JUN142315-15,10,maker,yes,0.9665,0.9465,20,2.0,1,0.9954
XRP,KXXRP15M-26JUN142315-15,13,flat,yes,0.9675,0.7654,0.0,20.21,1,0.0
XRP,KXXRP15M-26JUN142315-15,13,dynamic,yes,0.9675,0.7654,0.0,20.21,1,0.0
XRP,KXXRP15M-26JUN142330-30,10,maker,no,0.9424,0.9224,20,2.0,1,1.4441
XRP,KXXRP15M-26JUN142330-30,11,maker,no,0.9477,0.9277,20,2.0,1,1.3453
XRP,KXXRP15M-26JUN142330-30,12,maker,no,0.9517,0.9317,20,2.0,1,1.2705
XRP,KXXRP15M-26JUN142330-30,13,flat,no,0.9553,0.6239,0.0,33.13,1,0.0
XRP,KXXRP15M-26JUN142330-30,13,dynamic,no,0.9553,0.6239,0.0,33.13,1,0.0
XRP,KXXRP15M-26JUN142345-45,10,maker,yes,0.8513,0.8313,20,2.0,1,3.1379
XRP,KXXRP15M-26JUN142345-45,11,maker,yes,0.8643,0.8443,20,2.0,1,2.8956
XRP,KXXRP15M-26JUN142345-45,12,maker,yes,0.872,0.852,20,2.0,1,2.7535
XRP,KXXRP15M-26JUN142345-45,13,flat,yes,0.9166,0.5885,0.0,32.8,1,0.0
XRP,KXXRP15M-26JUN142345-45,13,dynamic,yes,0.9166,0.5885,0.0,32.8,1,0.0
XRP,KXXRP15M-26JUN150000-00,10,flat,no,0.8188,0.67,20.0,14.88,1,6.138
XRP,KXXRP15M-26JUN150000-00,10,tt,no,0.8188,0.67,20.0,14.88,1,6.138
XRP,KXXRP15M-26JUN150000-00,10,dynamic,no,0.8188,0.67,251.53,14.88,1,77.1935
XRP,KXXRP15M-26JUN150000-00,10,maker,no,0.8188,0.7988,20,2.0,1,3.7419
XRP,KXXRP15M-26JUN150000-00,11,maker,no,0.7772,0.7572,20,2.0,1,4.5163
XRP,KXXRP15M-26JUN150000-00,12,maker,no,0.814,0.794,20,2.0,1,3.8321
XRP,KXXRP15M-26JUN150000-00,13,flat,no,0.842,0.5797,0.0,26.23,1,0.0
XRP,KXXRP15M-26JUN150000-00,13,dynamic,no,0.842,0.5797,0.0,26.23,1,0.0
XRP,KXXRP15M-26JUN150015-15,10,maker,no,0.9114,0.8914,20,2.0,1,2.0202
XRP,KXXRP15M-26JUN150015-15,12,maker,no,0.7792,0.7592,20,2.0,1,4.479
XRP,KXXRP15M-26JUN150030-30,10,maker,yes,0.9157,0.8957,20,2.0,0,-17.9145
XRP,KXXRP15M-26JUN150030-30,11,maker,yes,0.863,0.843,20,2.0,0,-16.8594
XRP,KXXRP15M-26JUN150030-30,12,maker,yes,0.8348,0.8148,20,2.0,0,-16.2969
XRP,KXXRP15M-26JUN150030-30,13,flat,yes,0.7436,0.509,20.0,24.36,0,-10.18
XRP,KXXRP15M-26JUN150030-30,13,tt,yes,0.7436,0.509,20.0,24.36,0,-10.18
XRP,KXXRP15M-26JUN150030-30,13,dynamic,yes,0.7436,0.5343,188.06,24.36,0,-100.474
XRP,KXXRP15M-26JUN150030-30,13,maker,yes,0.7436,0.7236,20,2.0,0,-14.4719
XRP,KXXRP15M-26JUN150045-45,10,maker,no,0.9543,0.9343,20,2.0,1,1.2229
XRP,KXXRP15M-26JUN150045-45,11,maker,no,0.9465,0.9265,20,2.0,1,1.3667
XRP,KXXRP15M-26JUN150100-00,10,maker,no,0.1186,0.0986,20,2.0,0,-1.9724
XRP,KXXRP15M-26JUN150100-00,11,maker,yes,0.85,0.83,20,2.0,1,3.1617
XRP,KXXRP15M-26JUN150100-00,12,maker,yes,0.8031,0.7831,20,2.0,1,4.0336
XRP,KXXRP15M-26JUN150115-15,10,maker,yes,0.3405,0.3205,20,2.0,0,-6.4107
XRP,KXXRP15M-26JUN150115-15,11,maker,yes,0.4659,0.4459,20,2.0,0,-8.9186
XRP,KXXRP15M-26JUN150115-15,12,flat,yes,0.5206,0.28,20.0,24.06,0,-5.6
XRP,KXXRP15M-26JUN150115-15,12,tt,yes,0.5206,0.28,20.0,24.06,0,-5.6
XRP,KXXRP15M-26JUN150115-15,12,dynamic,yes,0.5206,0.3195,271.6,24.06,0,-86.7861
XRP,KXXRP15M-26JUN150115-15,12,maker,yes,0.5206,0.5006,20,2.0,0,-10.0118
XRP,KXXRP15M-26JUN150115-15,13,flat,yes,0.5532,0.235,20.0,32.32,0,-4.7
XRP,KXXRP15M-26JUN150115-15,13,tt,yes,0.5532,0.235,20.0,32.32,0,-4.7
XRP,KXXRP15M-26JUN150115-15,13,dynamic,yes,0.5532,0.3144,447.61,32.32,0,-140.73
XRP,KXXRP15M-26JUN150115-15,13,maker,yes,0.5532,0.5332,20,2.0,0,-10.6642
