window_ts,ticker,winner,n_yes_bets,n_no_bets,total_bets,yes_wagered,no_wagered,total_wagered,yes_pnl,no_pnl,total_pnl,cum_pnl,outcome,first_minute,first_direction
2026-05-18T08:45:00+00:00,KXBTC15M-26MAY180500-00,yes,0,0,0,0.0000,0.0000,0.0000,+0.0000,+0.0000,+0.0000,+0.0000,no_bet,,
2026-05-18T09:00:00+00:00,KXBTC15M-26MAY180515-15,no,0,0,0,0.0000,0.0000,0.0000,+0.0000,+0.0000,+0.0000,+0.0000,no_bet,,
2026-05-18T09:15:00+00:00,KXBTC15M-26MAY180530-30,yes,0,0,0,0.0000,0.0000,0.0000,+0.0000,+0.0000,+0.0000,+0.0000,no_bet,,
2026-05-18T09:30:00+00:00,KXBTC15M-26MAY180545-45,no,1,0,1,22.1946,0.0000,22.1946,-22.1946,+0.0000,-22.1946,-22.1946,net_loss,11,yes
2026-05-18T09:45:00+00:00,KXBTC15M-26MAY180600-00,no,0,0,0,0.0000,0.0000,0.0000,+0.0000,+0.0000,+0.0000,-22.1946,no_bet,,
2026-05-18T12:15:00+00:00,KXBTC15M-26MAY180830-30,no,0,0,0,0.0000,0.0000,0.0000,+0.0000,+0.0000,+0.0000,-22.1946,no_bet,,
2026-05-18T12:30:00+00:00,KXBTC15M-26MAY180845-45,yes,0,0,0,0.0000,0.0000,0.0000,+0.0000,+0.0000,+0.0000,-22.1946,no_bet,,
2026-05-18T21:15:00+00:00,KXBTC15M-26MAY181730-30,yes,0,0,0,0.0000,0.0000,0.0000,+0.0000,+0.0000,+0.0000,-22.1946,no_bet,,
2026-05-18T21:30:00+00:00,KXBTC15M-26MAY181745-45,no,1,1,2,6.9990,11.8770,18.8760,-6.9990,+8.6787,+1.6798,-20.5148,net_win,10,no
2026-05-18T21:45:00+00:00,KXBTC15M-26MAY181800-00,yes,1,0,1,22.8611,0.0000,22.8611,+7.0869,+0.0000,+7.0869,-13.4279,net_win,11,yes
2026-05-18T22:00:00+00:00,KXBTC15M-26MAY181815-15,yes,0,0,0,0.0000,0.0000,0.0000,+0.0000,+0.0000,+0.0000,-13.4279,no_bet,,
2026-05-18T22:15:00+00:00,KXBTC15M-26MAY181830-30,yes,0,0,0,0.0000,0.0000,0.0000,+0.0000,+0.0000,+0.0000,-13.4279,no_bet,,
2026-05-18T22:30:00+00:00,KXBTC15M-26MAY181845-45,no,0,0,0,0.0000,0.0000,0.0000,+0.0000,+0.0000,+0.0000,-13.4279,no_bet,,
2026-05-18T22:45:00+00:00,KXBTC15M-26MAY181900-00,yes,1,0,1,8.8599,0.0000,8.8599,+46.6915,+0.0000,+46.6915,+33.2636,net_win,12,yes
2026-05-18T23:00:00+00:00,KXBTC15M-26MAY181915-15,yes,0,0,0,0.0000,0.0000,0.0000,+0.0000,+0.0000,+0.0000,+33.2636,no_bet,,
2026-05-18T23:15:00+00:00,KXBTC15M-26MAY181930-30,no,0,0,0,0.0000,0.0000,0.0000,+0.0000,+0.0000,+0.0000,+33.2636,no_bet,,
2026-05-18T23:30:00+00:00,KXBTC15M-26MAY181945-45,yes,1,0,1,14.3768,0.0000,14.3768,+15.6958,+0.0000,+15.6958,+48.9594,net_win,10,yes
2026-05-18T23:45:00+00:00,KXBTC15M-26MAY182000-00,no,0,0,0,0.0000,0.0000,0.0000,+0.0000,+0.0000,+0.0000,+48.9594,no_bet,,
2026-05-19T00:00:00+00:00,KXBTC15M-26MAY182015-15,yes,0,0,0,0.0000,0.0000,0.0000,+0.0000,+0.0000,+0.0000,+48.9594,no_bet,,
2026-05-19T00:15:00+00:00,KXBTC15M-26MAY182030-30,yes,0,0,0,0.0000,0.0000,0.0000,+0.0000,+0.0000,+0.0000,+48.9594,no_bet,,
2026-05-19T00:30:00+00:00,KXBTC15M-26MAY182045-45,no,0,0,0,0.0000,0.0000,0.0000,+0.0000,+0.0000,+0.0000,+48.9594,no_bet,,
2026-05-19T00:45:00+00:00,KXBTC15M-26MAY182100-00,no,1,1,2,7.7848,1.8936,9.6784,-7.7848,+8.0225,+0.2378,+49.1972,net_win,10,yes
2026-05-19T01:00:00+00:00,KXBTC15M-26MAY182115-15,no,1,0,1,22.7344,0.0000,22.7344,-22.7344,+0.0000,-22.7344,+26.4627,net_loss,11,yes
2026-05-19T01:15:00+00:00,KXBTC15M-26MAY182130-30,no,0,0,0,0.0000,0.0000,0.0000,+0.0000,+0.0000,+0.0000,+26.4627,no_bet,,
2026-05-19T01:30:00+00:00,KXBTC15M-26MAY182145-45,yes,0,0,0,0.0000,0.0000,0.0000,+0.0000,+0.0000,+0.0000,+26.4627,no_bet,,
2026-05-19T01:45:00+00:00,KXBTC15M-26MAY182200-00,no,0,0,0,0.0000,0.0000,0.0000,+0.0000,+0.0000,+0.0000,+26.4627,no_bet,,
2026-05-19T02:00:00+00:00,KXBTC15M-26MAY182215-15,yes,1,1,2,9.8446,45.7486,55.5933,+44.7005,-45.7486,-1.0482,+25.4146,net_loss,10,yes
2026-05-19T02:15:00+00:00,KXBTC15M-26MAY182230-30,yes,0,0,0,0.0000,0.0000,0.0000,+0.0000,+0.0000,+0.0000,+25.4146,no_bet,,
2026-05-19T02:30:00+00:00,KXBTC15M-26MAY182245-45,no,0,0,0,0.0000,0.0000,0.0000,+0.0000,+0.0000,+0.0000,+25.4146,no_bet,,
2026-05-19T02:45:00+00:00,KXBTC15M-26MAY182300-00,no,0,0,0,0.0000,0.0000,0.0000,+0.0000,+0.0000,+0.0000,+25.4146,no_bet,,
2026-05-19T03:00:00+00:00,KXBTC15M-26MAY182315-15,yes,0,0,0,0.0000,0.0000,0.0000,+0.0000,+0.0000,+0.0000,+25.4146,no_bet,,
2026-05-19T03:15:00+00:00,KXBTC15M-26MAY182330-30,no,0,0,0,0.0000,0.0000,0.0000,+0.0000,+0.0000,+0.0000,+25.4146,no_bet,,
2026-05-19T03:30:00+00:00,KXBTC15M-26MAY182345-45,yes,0,0,0,0.0000,0.0000,0.0000,+0.0000,+0.0000,+0.0000,+25.4146,no_bet,,
2026-05-19T03:45:00+00:00,KXBTC15M-26MAY190000-00,no,0,0,0,0.0000,0.0000,0.0000,+0.0000,+0.0000,+0.0000,+25.4146,no_bet,,
2026-05-19T04:00:00+00:00,KXBTC15M-26MAY190015-15,yes,0,0,0,0.0000,0.0000,0.0000,+0.0000,+0.0000,+0.0000,+25.4146,no_bet,,
2026-05-19T04:15:00+00:00,KXBTC15M-26MAY190030-30,no,0,0,0,0.0000,0.0000,0.0000,+0.0000,+0.0000,+0.0000,+25.4146,no_bet,,
2026-05-19T04:30:00+00:00,KXBTC15M-26MAY190045-45,yes,0,0,0,0.0000,0.0000,0.0000,+0.0000,+0.0000,+0.0000,+25.4146,no_bet,,
2026-05-19T04:45:00+00:00,KXBTC15M-26MAY190100-00,yes,0,0,0,0.0000,0.0000,0.0000,+0.0000,+0.0000,+0.0000,+25.4146,no_bet,,
2026-05-19T05:15:00+00:00,KXBTC15M-26MAY190130-30,no,0,0,0,0.0000,0.0000,0.0000,+0.0000,+0.0000,+0.0000,+25.4146,no_bet,,
2026-05-19T05:30:00+00:00,KXBTC15M-26MAY190145-45,yes,0,0,0,0.0000,0.0000,0.0000,+0.0000,+0.0000,+0.0000,+25.4146,no_bet,,
2026-05-19T05:45:00+00:00,KXBTC15M-26MAY190200-00,no,1,0,1,14.2328,0.0000,14.2328,-14.2328,+0.0000,-14.2328,+11.1818,net_loss,13,yes
2026-05-19T06:00:00+00:00,KXBTC15M-26MAY190215-15,yes,0,0,0,0.0000,0.0000,0.0000,+0.0000,+0.0000,+0.0000,+11.1818,no_bet,,
2026-05-19T06:15:00+00:00,KXBTC15M-26MAY190230-30,yes,2,0,2,18.1922,0.0000,18.1922,+21.0961,+0.0000,+21.0961,+32.2778,net_win,11,yes
2026-05-19T06:30:00+00:00,KXBTC15M-26MAY190245-45,yes,0,0,0,0.0000,0.0000,0.0000,+0.0000,+0.0000,+0.0000,+32.2778,no_bet,,
2026-05-19T07:00:00+00:00,KXBTC15M-26MAY190315-15,yes,1,0,1,33.3962,0.0000,33.3962,+13.9538,+0.0000,+13.9538,+46.2317,net_win,11,yes
2026-05-19T07:15:00+00:00,KXBTC15M-26MAY190330-30,yes,0,1,1,0.0000,12.2228,12.2228,+0.0000,-12.2228,-12.2228,+34.0088,net_loss,13,no
2026-05-19T07:30:00+00:00,KXBTC15M-26MAY190345-45,yes,0,0,0,0.0000,0.0000,0.0000,+0.0000,+0.0000,+0.0000,+34.0088,no_bet,,
2026-05-19T07:45:00+00:00,KXBTC15M-26MAY190400-00,no,0,0,0,0.0000,0.0000,0.0000,+0.0000,+0.0000,+0.0000,+34.0088,no_bet,,
2026-05-19T08:00:00+00:00,KXBTC15M-26MAY190415-15,no,0,0,0,0.0000,0.0000,0.0000,+0.0000,+0.0000,+0.0000,+34.0088,no_bet,,
2026-05-19T08:15:00+00:00,KXBTC15M-26MAY190430-30,no,0,0,0,0.0000,0.0000,0.0000,+0.0000,+0.0000,+0.0000,+34.0088,no_bet,,
2026-05-19T08:30:00+00:00,KXBTC15M-26MAY190445-45,yes,0,0,0,0.0000,0.0000,0.0000,+0.0000,+0.0000,+0.0000,+34.0088,no_bet,,
2026-05-19T08:45:00+00:00,KXBTC15M-26MAY190500-00,no,0,0,0,0.0000,0.0000,0.0000,+0.0000,+0.0000,+0.0000,+34.0088,no_bet,,
2026-05-19T09:15:00+00:00,KXBTC15M-26MAY190530-30,no,0,0,0,0.0000,0.0000,0.0000,+0.0000,+0.0000,+0.0000,+34.0088,no_bet,,
2026-05-19T09:30:00+00:00,KXBTC15M-26MAY190545-45,yes,0,0,0,0.0000,0.0000,0.0000,+0.0000,+0.0000,+0.0000,+34.0088,no_bet,,
2026-05-19T09:45:00+00:00,KXBTC15M-26MAY190600-00,yes,0,0,0,0.0000,0.0000,0.0000,+0.0000,+0.0000,+0.0000,+34.0088,no_bet,,
2026-05-19T10:00:00+00:00,KXBTC15M-26MAY190615-15,no,0,0,0,0.0000,0.0000,0.0000,+0.0000,+0.0000,+0.0000,+34.0088,no_bet,,
2026-05-19T10:15:00+00:00,KXBTC15M-26MAY190630-30,yes,1,0,1,11.6631,0.0000,11.6631,+19.2831,+0.0000,+19.2831,+53.2919,net_win,12,yes
2026-05-19T10:45:00+00:00,KXBTC15M-26MAY190700-00,yes,0,0,0,0.0000,0.0000,0.0000,+0.0000,+0.0000,+0.0000,+53.2919,no_bet,,
2026-05-19T11:00:00+00:00,KXBTC15M-26MAY190715-15,no,0,1,1,0.0000,14.6487,14.6487,+0.0000,+13.6233,+13.6233,+66.9152,net_win,10,no
2026-05-19T11:15:00+00:00,KXBTC15M-26MAY190730-30,no,0,0,0,0.0000,0.0000,0.0000,+0.0000,+0.0000,+0.0000,+66.9152,no_bet,,
2026-05-19T11:30:00+00:00,KXBTC15M-26MAY190745-45,no,0,0,0,0.0000,0.0000,0.0000,+0.0000,+0.0000,+0.0000,+66.9152,no_bet,,
2026-05-19T11:45:00+00:00,KXBTC15M-26MAY190800-00,yes,0,0,0,0.0000,0.0000,0.0000,+0.0000,+0.0000,+0.0000,+66.9152,no_bet,,
2026-05-19T12:00:00+00:00,KXBTC15M-26MAY190815-15,yes,0,0,0,0.0000,0.0000,0.0000,+0.0000,+0.0000,+0.0000,+66.9152,no_bet,,
2026-05-19T12:15:00+00:00,KXBTC15M-26MAY190830-30,yes,0,0,0,0.0000,0.0000,0.0000,+0.0000,+0.0000,+0.0000,+66.9152,no_bet,,
2026-05-19T12:30:00+00:00,KXBTC15M-26MAY190845-45,yes,0,0,0,0.0000,0.0000,0.0000,+0.0000,+0.0000,+0.0000,+66.9152,no_bet,,
2026-05-19T12:45:00+00:00,KXBTC15M-26MAY190900-00,yes,0,0,0,0.0000,0.0000,0.0000,+0.0000,+0.0000,+0.0000,+66.9152,no_bet,,
2026-05-19T13:00:00+00:00,KXBTC15M-26MAY190915-15,no,0,0,0,0.0000,0.0000,0.0000,+0.0000,+0.0000,+0.0000,+66.9152,no_bet,,
2026-05-19T13:15:00+00:00,KXBTC15M-26MAY190930-30,no,0,0,0,0.0000,0.0000,0.0000,+0.0000,+0.0000,+0.0000,+66.9152,no_bet,,
2026-05-19T13:30:00+00:00,KXBTC15M-26MAY190945-45,yes,0,0,0,0.0000,0.0000,0.0000,+0.0000,+0.0000,+0.0000,+66.9152,no_bet,,
2026-05-19T13:45:00+00:00,KXBTC15M-26MAY191000-00,yes,0,0,0,0.0000,0.0000,0.0000,+0.0000,+0.0000,+0.0000,+66.9152,no_bet,,
2026-05-19T14:00:00+00:00,KXBTC15M-26MAY191015-15,no,0,0,0,0.0000,0.0000,0.0000,+0.0000,+0.0000,+0.0000,+66.9152,no_bet,,
2026-05-19T14:15:00+00:00,KXBTC15M-26MAY191030-30,no,0,0,0,0.0000,0.0000,0.0000,+0.0000,+0.0000,+0.0000,+66.9152,no_bet,,
2026-05-19T14:30:00+00:00,KXBTC15M-26MAY191045-45,yes,0,0,0,0.0000,0.0000,0.0000,+0.0000,+0.0000,+0.0000,+66.9152,no_bet,,
2026-05-19T14:45:00+00:00,KXBTC15M-26MAY191100-00,no,0,0,0,0.0000,0.0000,0.0000,+0.0000,+0.0000,+0.0000,+66.9152,no_bet,,
2026-05-19T15:00:00+00:00,KXBTC15M-26MAY191115-15,yes,0,0,0,0.0000,0.0000,0.0000,+0.0000,+0.0000,+0.0000,+66.9152,no_bet,,
2026-05-19T15:15:00+00:00,KXBTC15M-26MAY191130-30,no,0,0,0,0.0000,0.0000,0.0000,+0.0000,+0.0000,+0.0000,+66.9152,no_bet,,
2026-05-19T15:30:00+00:00,KXBTC15M-26MAY191145-45,yes,0,1,1,0.0000,40.0578,40.0578,+0.0000,-40.0578,-40.0578,+26.8573,net_loss,11,no
2026-05-19T15:45:00+00:00,KXBTC15M-26MAY191200-00,yes,1,0,1,11.8944,0.0000,11.8944,+11.9836,+0.0000,+11.9836,+38.8409,net_win,11,yes
2026-05-19T16:00:00+00:00,KXBTC15M-26MAY191215-15,no,0,0,0,0.0000,0.0000,0.0000,+0.0000,+0.0000,+0.0000,+38.8409,no_bet,,
2026-05-19T16:15:00+00:00,KXBTC15M-26MAY191230-30,yes,0,0,0,0.0000,0.0000,0.0000,+0.0000,+0.0000,+0.0000,+38.8409,no_bet,,
2026-05-19T16:30:00+00:00,KXBTC15M-26MAY191245-45,yes,0,0,0,0.0000,0.0000,0.0000,+0.0000,+0.0000,+0.0000,+38.8409,no_bet,,
2026-05-19T16:45:00+00:00,KXBTC15M-26MAY191300-00,yes,0,0,0,0.0000,0.0000,0.0000,+0.0000,+0.0000,+0.0000,+38.8409,no_bet,,
2026-05-19T17:15:00+00:00,KXBTC15M-26MAY191330-30,no,0,0,0,0.0000,0.0000,0.0000,+0.0000,+0.0000,+0.0000,+38.8409,no_bet,,
2026-05-20T01:30:00+00:00,KXBTC15M-26MAY192145-45,no,0,2,2,0.0000,19.2041,19.2041,+0.0000,+24.4043,+24.4043,+63.2452,net_win,10,no
2026-05-20T01:45:00+00:00,KXBTC15M-26MAY192200-00,yes,0,0,0,0.0000,0.0000,0.0000,+0.0000,+0.0000,+0.0000,+63.2452,no_bet,,
2026-05-20T02:00:00+00:00,KXBTC15M-26MAY192215-15,no,0,0,0,0.0000,0.0000,0.0000,+0.0000,+0.0000,+0.0000,+63.2452,no_bet,,
2026-05-20T02:15:00+00:00,KXBTC15M-26MAY192230-30,no,0,0,0,0.0000,0.0000,0.0000,+0.0000,+0.0000,+0.0000,+63.2452,no_bet,,
2026-05-20T02:30:00+00:00,KXBTC15M-26MAY192245-45,no,0,0,0,0.0000,0.0000,0.0000,+0.0000,+0.0000,+0.0000,+63.2452,no_bet,,
2026-05-20T04:45:00+00:00,KXBTC15M-26MAY200100-00,yes,0,2,2,0.0000,17.3415,17.3415,+0.0000,-17.3415,-17.3415,+45.9037,net_loss,10,no
2026-05-20T05:00:00+00:00,KXBTC15M-26MAY200115-15,yes,0,0,0,0.0000,0.0000,0.0000,+0.0000,+0.0000,+0.0000,+45.9037,no_bet,,
2026-05-20T05:15:00+00:00,KXBTC15M-26MAY200130-30,no,0,0,0,0.0000,0.0000,0.0000,+0.0000,+0.0000,+0.0000,+45.9037,no_bet,,
2026-05-20T05:30:00+00:00,KXBTC15M-26MAY200145-45,yes,0,0,0,0.0000,0.0000,0.0000,+0.0000,+0.0000,+0.0000,+45.9037,no_bet,,
2026-05-20T05:45:00+00:00,KXBTC15M-26MAY200200-00,yes,2,0,2,9.1665,0.0000,9.1665,+4.7098,+0.0000,+4.7098,+50.6136,net_win,10,yes
2026-05-20T09:15:00+00:00,KXBTC15M-26MAY200530-30,yes,1,0,1,14.4759,0.0000,14.4759,+16.4542,+0.0000,+16.4542,+67.0678,net_win,10,yes
2026-05-20T09:30:00+00:00,KXBTC15M-26MAY200545-45,yes,0,0,0,0.0000,0.0000,0.0000,+0.0000,+0.0000,+0.0000,+67.0678,no_bet,,
2026-05-20T09:45:00+00:00,KXBTC15M-26MAY200600-00,no,0,0,0,0.0000,0.0000,0.0000,+0.0000,+0.0000,+0.0000,+67.0678,no_bet,,
2026-05-20T10:00:00+00:00,KXBTC15M-26MAY200615-15,yes,0,0,0,0.0000,0.0000,0.0000,+0.0000,+0.0000,+0.0000,+67.0678,no_bet,,
2026-05-20T10:15:00+00:00,KXBTC15M-26MAY200630-30,no,1,1,2,15.2855,8.2873,23.5727,-15.2855,+15.6478,+0.3624,+67.4302,net_win,10,yes
2026-05-20T10:30:00+00:00,KXBTC15M-26MAY200645-45,no,0,0,0,0.0000,0.0000,0.0000,+0.0000,+0.0000,+0.0000,+67.4302,no_bet,,
2026-05-20T10:45:00+00:00,KXBTC15M-26MAY200700-00,no,0,1,1,0.0000,11.3831,11.3831,+0.0000,+14.0330,+14.0330,+81.4632,net_win,10,no
2026-05-20T11:00:00+00:00,KXBTC15M-26MAY200715-15,no,1,0,1,8.0617,0.0000,8.0617,-8.0617,+0.0000,-8.0617,+73.4015,net_loss,10,yes
2026-05-20T11:15:00+00:00,KXBTC15M-26MAY200730-30,no,0,0,0,0.0000,0.0000,0.0000,+0.0000,+0.0000,+0.0000,+73.4015,no_bet,,
2026-05-20T11:30:00+00:00,KXBTC15M-26MAY200745-45,no,0,0,0,0.0000,0.0000,0.0000,+0.0000,+0.0000,+0.0000,+73.4015,no_bet,,
2026-05-20T11:45:00+00:00,KXBTC15M-26MAY200800-00,yes,0,2,2,0.0000,10.1165,10.1165,+0.0000,-10.1165,-10.1165,+63.2850,net_loss,10,no
2026-05-20T12:00:00+00:00,KXBTC15M-26MAY200815-15,yes,0,0,0,0.0000,0.0000,0.0000,+0.0000,+0.0000,+0.0000,+63.2850,no_bet,,
2026-05-20T12:15:00+00:00,KXBTC15M-26MAY200830-30,yes,1,0,1,15.7080,0.0000,15.7080,+23.8348,+0.0000,+23.8348,+87.1199,net_win,10,yes
2026-05-20T12:30:00+00:00,KXBTC15M-26MAY200845-45,yes,0,0,0,0.0000,0.0000,0.0000,+0.0000,+0.0000,+0.0000,+87.1199,no_bet,,
2026-05-20T12:45:00+00:00,KXBTC15M-26MAY200900-00,yes,0,0,0,0.0000,0.0000,0.0000,+0.0000,+0.0000,+0.0000,+87.1199,no_bet,,
2026-05-20T13:00:00+00:00,KXBTC15M-26MAY200915-15,no,0,0,0,0.0000,0.0000,0.0000,+0.0000,+0.0000,+0.0000,+87.1199,no_bet,,
2026-05-20T13:15:00+00:00,KXBTC15M-26MAY200930-30,no,0,0,0,0.0000,0.0000,0.0000,+0.0000,+0.0000,+0.0000,+87.1199,no_bet,,
2026-05-20T13:30:00+00:00,KXBTC15M-26MAY200945-45,no,0,0,0,0.0000,0.0000,0.0000,+0.0000,+0.0000,+0.0000,+87.1199,no_bet,,
2026-05-20T13:45:00+00:00,KXBTC15M-26MAY201000-00,yes,0,1,1,0.0000,37.9252,37.9252,+0.0000,-37.9252,-37.9252,+49.1946,net_loss,10,no
2026-05-20T14:00:00+00:00,KXBTC15M-26MAY201015-15,no,0,1,1,0.0000,55.9637,55.9637,+0.0000,+26.8117,+26.8117,+76.0063,net_win,10,no
2026-05-20T14:15:00+00:00,KXBTC15M-26MAY201030-30,yes,0,0,0,0.0000,0.0000,0.0000,+0.0000,+0.0000,+0.0000,+76.0063,no_bet,,
2026-05-20T14:30:00+00:00,KXBTC15M-26MAY201045-45,no,0,0,0,0.0000,0.0000,0.0000,+0.0000,+0.0000,+0.0000,+76.0063,no_bet,,
2026-05-20T14:45:00+00:00,KXBTC15M-26MAY201100-00,yes,0,0,0,0.0000,0.0000,0.0000,+0.0000,+0.0000,+0.0000,+76.0063,no_bet,,
2026-05-20T15:00:00+00:00,KXBTC15M-26MAY201115-15,no,0,0,0,0.0000,0.0000,0.0000,+0.0000,+0.0000,+0.0000,+76.0063,no_bet,,
2026-05-20T15:15:00+00:00,KXBTC15M-26MAY201130-30,yes,0,2,2,0.0000,68.1012,68.1012,+0.0000,-68.1012,-68.1012,+7.9051,net_loss,11,no
2026-05-20T15:30:00+00:00,KXBTC15M-26MAY201145-45,no,0,0,0,0.0000,0.0000,0.0000,+0.0000,+0.0000,+0.0000,+7.9051,no_bet,,
2026-05-20T15:45:00+00:00,KXBTC15M-26MAY201200-00,yes,0,2,2,0.0000,52.7743,52.7743,+0.0000,-52.7743,-52.7743,-44.8692,net_loss,10,no
2026-05-20T16:00:00+00:00,KXBTC15M-26MAY201215-15,yes,0,0,0,0.0000,0.0000,0.0000,+0.0000,+0.0000,+0.0000,-44.8692,no_bet,,
2026-05-20T16:15:00+00:00,KXBTC15M-26MAY201230-30,no,0,0,0,0.0000,0.0000,0.0000,+0.0000,+0.0000,+0.0000,-44.8692,no_bet,,
2026-05-20T16:30:00+00:00,KXBTC15M-26MAY201245-45,yes,0,0,0,0.0000,0.0000,0.0000,+0.0000,+0.0000,+0.0000,-44.8692,no_bet,,
2026-05-20T16:45:00+00:00,KXBTC15M-26MAY201300-00,no,0,0,0,0.0000,0.0000,0.0000,+0.0000,+0.0000,+0.0000,-44.8692,no_bet,,
2026-05-20T17:00:00+00:00,KXBTC15M-26MAY201315-15,yes,2,0,2,44.0854,0.0000,44.0854,+47.7674,+0.0000,+47.7674,+2.8982,net_win,10,yes
2026-05-20T17:15:00+00:00,KXBTC15M-26MAY201330-30,yes,0,0,0,0.0000,0.0000,0.0000,+0.0000,+0.0000,+0.0000,+2.8982,no_bet,,
2026-05-20T17:30:00+00:00,KXBTC15M-26MAY201345-45,yes,2,0,2,22.0798,0.0000,22.0798,+26.9130,+0.0000,+26.9130,+29.8112,net_win,11,yes
2026-05-20T17:45:00+00:00,KXBTC15M-26MAY201400-00,no,0,0,0,0.0000,0.0000,0.0000,+0.0000,+0.0000,+0.0000,+29.8112,no_bet,,
2026-05-20T18:00:00+00:00,KXBTC15M-26MAY201415-15,no,0,0,0,0.0000,0.0000,0.0000,+0.0000,+0.0000,+0.0000,+29.8112,no_bet,,
2026-05-20T18:15:00+00:00,KXBTC15M-26MAY201430-30,yes,1,0,1,9.9383,0.0000,9.9383,+12.7636,+0.0000,+12.7636,+42.5749,net_win,12,yes
2026-05-20T18:30:00+00:00,KXBTC15M-26MAY201445-45,no,1,1,2,8.1359,4.3392,12.4751,-8.1359,+6.0531,-2.0828,+40.4921,net_loss,10,yes
2026-05-20T18:45:00+00:00,KXBTC15M-26MAY201500-00,no,0,0,0,0.0000,0.0000,0.0000,+0.0000,+0.0000,+0.0000,+40.4921,no_bet,,
2026-05-20T19:00:00+00:00,KXBTC15M-26MAY201515-15,yes,0,1,1,0.0000,9.8929,9.8929,+0.0000,-9.8929,-9.8929,+30.5991,net_loss,11,no
2026-05-20T19:15:00+00:00,KXBTC15M-26MAY201530-30,yes,0,0,0,0.0000,0.0000,0.0000,+0.0000,+0.0000,+0.0000,+30.5991,no_bet,,
2026-05-20T19:30:00+00:00,KXBTC15M-26MAY201545-45,yes,0,0,0,0.0000,0.0000,0.0000,+0.0000,+0.0000,+0.0000,+30.5991,no_bet,,
2026-05-20T19:45:00+00:00,KXBTC15M-26MAY201600-00,yes,0,0,0,0.0000,0.0000,0.0000,+0.0000,+0.0000,+0.0000,+30.5991,no_bet,,
2026-05-20T20:00:00+00:00,KXBTC15M-26MAY201615-15,yes,2,0,2,33.6358,0.0000,33.6358,+77.0808,+0.0000,+77.0808,+107.6799,net_win,10,yes
2026-05-20T20:15:00+00:00,KXBTC15M-26MAY201630-30,no,0,0,0,0.0000,0.0000,0.0000,+0.0000,+0.0000,+0.0000,+107.6799,no_bet,,
2026-05-20T21:00:00+00:00,KXBTC15M-26MAY201715-15,yes,2,0,2,28.5937,0.0000,28.5937,+15.1285,+0.0000,+15.1285,+122.8084,net_win,11,yes
2026-05-20T21:15:00+00:00,KXBTC15M-26MAY201730-30,no,0,0,0,0.0000,0.0000,0.0000,+0.0000,+0.0000,+0.0000,+122.8084,no_bet,,
2026-05-20T21:30:00+00:00,KXBTC15M-26MAY201745-45,no,1,0,1,23.4412,0.0000,23.4412,-23.4412,+0.0000,-23.4412,+99.3672,net_loss,10,yes
2026-05-20T21:45:00+00:00,KXBTC15M-26MAY201800-00,no,0,0,0,0.0000,0.0000,0.0000,+0.0000,+0.0000,+0.0000,+99.3672,no_bet,,
2026-05-20T22:00:00+00:00,KXBTC15M-26MAY201815-15,no,0,0,0,0.0000,0.0000,0.0000,+0.0000,+0.0000,+0.0000,+99.3672,no_bet,,
2026-05-20T22:15:00+00:00,KXBTC15M-26MAY201830-30,yes,0,0,0,0.0000,0.0000,0.0000,+0.0000,+0.0000,+0.0000,+99.3672,no_bet,,
2026-05-20T22:30:00+00:00,KXBTC15M-26MAY201845-45,yes,0,1,1,0.0000,16.8982,16.8982,+0.0000,-16.8982,-16.8982,+82.4690,net_loss,13,no
2026-05-20T22:45:00+00:00,KXBTC15M-26MAY201900-00,yes,0,1,1,0.0000,9.7377,9.7377,+0.0000,-9.7377,-9.7377,+72.7312,net_loss,10,no
2026-05-20T23:00:00+00:00,KXBTC15M-26MAY201915-15,no,0,0,0,0.0000,0.0000,0.0000,+0.0000,+0.0000,+0.0000,+72.7312,no_bet,,
2026-05-20T23:15:00+00:00,KXBTC15M-26MAY201930-30,no,1,0,1,8.4020,0.0000,8.4020,-8.4020,+0.0000,-8.4020,+64.3292,net_loss,10,yes
2026-05-20T23:30:00+00:00,KXBTC15M-26MAY201945-45,yes,0,0,0,0.0000,0.0000,0.0000,+0.0000,+0.0000,+0.0000,+64.3292,no_bet,,
2026-05-20T23:45:00+00:00,KXBTC15M-26MAY202000-00,yes,0,0,0,0.0000,0.0000,0.0000,+0.0000,+0.0000,+0.0000,+64.3292,no_bet,,
2026-05-21T00:00:00+00:00,KXBTC15M-26MAY202015-15,yes,0,0,0,0.0000,0.0000,0.0000,+0.0000,+0.0000,+0.0000,+64.3292,no_bet,,
2026-05-21T00:15:00+00:00,KXBTC15M-26MAY202030-30,yes,1,1,2,27.5966,10.4945,38.0911,+10.4828,-10.4945,-0.0117,+64.3175,net_loss,11,no
2026-05-21T00:45:00+00:00,KXBTC15M-26MAY202100-00,yes,0,0,0,0.0000,0.0000,0.0000,+0.0000,+0.0000,+0.0000,+64.3175,no_bet,,
2026-05-21T01:00:00+00:00,KXBTC15M-26MAY202115-15,yes,0,0,0,0.0000,0.0000,0.0000,+0.0000,+0.0000,+0.0000,+64.3175,no_bet,,
2026-05-21T01:15:00+00:00,KXBTC15M-26MAY202130-30,no,0,0,0,0.0000,0.0000,0.0000,+0.0000,+0.0000,+0.0000,+64.3175,no_bet,,
2026-05-21T01:30:00+00:00,KXBTC15M-26MAY202145-45,yes,0,0,0,0.0000,0.0000,0.0000,+0.0000,+0.0000,+0.0000,+64.3175,no_bet,,
2026-05-21T01:45:00+00:00,KXBTC15M-26MAY202200-00,no,0,0,0,0.0000,0.0000,0.0000,+0.0000,+0.0000,+0.0000,+64.3175,no_bet,,
2026-05-21T02:00:00+00:00,KXBTC15M-26MAY202215-15,yes,0,0,0,0.0000,0.0000,0.0000,+0.0000,+0.0000,+0.0000,+64.3175,no_bet,,
2026-05-21T02:15:00+00:00,KXBTC15M-26MAY202230-30,yes,0,0,0,0.0000,0.0000,0.0000,+0.0000,+0.0000,+0.0000,+64.3175,no_bet,,
2026-05-21T02:30:00+00:00,KXBTC15M-26MAY202245-45,no,0,0,0,0.0000,0.0000,0.0000,+0.0000,+0.0000,+0.0000,+64.3175,no_bet,,
2026-05-21T02:45:00+00:00,KXBTC15M-26MAY202300-00,no,0,0,0,0.0000,0.0000,0.0000,+0.0000,+0.0000,+0.0000,+64.3175,no_bet,,
2026-05-21T03:00:00+00:00,KXBTC15M-26MAY202315-15,no,1,1,2,9.5171,11.2877,20.8047,-9.5171,+10.0859,+0.5688,+64.8863,net_win,10,no
2026-05-21T03:15:00+00:00,KXBTC15M-26MAY202330-30,yes,0,0,0,0.0000,0.0000,0.0000,+0.0000,+0.0000,+0.0000,+64.8863,no_bet,,
2026-05-21T03:30:00+00:00,KXBTC15M-26MAY202345-45,no,0,0,0,0.0000,0.0000,0.0000,+0.0000,+0.0000,+0.0000,+64.8863,no_bet,,
2026-05-23T01:30:00+00:00,KXBTC15M-26MAY222145-45,no,0,1,1,0.0000,28.0431,28.0431,+0.0000,+44.4066,+44.4066,+109.2929,net_win,11,no
2026-05-23T01:45:00+00:00,KXBTC15M-26MAY222200-00,yes,0,0,0,0.0000,0.0000,0.0000,+0.0000,+0.0000,+0.0000,+109.2929,no_bet,,
2026-05-23T02:00:00+00:00,KXBTC15M-26MAY222215-15,yes,1,0,1,8.9270,0.0000,8.9270,+5.0884,+0.0000,+5.0884,+114.3813,net_win,13,yes
2026-05-24T02:45:00+00:00,KXBTC15M-26MAY232300-00,yes,1,0,1,9.3909,0.0000,9.3909,+8.3911,+0.0000,+8.3911,+122.7724,net_win,13,yes
2026-05-25T02:00:00+00:00,KXBTC15M-26MAY242215-15,yes,0,0,0,0.0000,0.0000,0.0000,+0.0000,+0.0000,+0.0000,+122.7724,no_bet,,
2026-05-25T19:30:00+00:00,KXBTC15M-26MAY251545-45,no,0,0,0,0.0000,0.0000,0.0000,+0.0000,+0.0000,+0.0000,+122.7724,no_bet,,
2026-05-25T19:45:00+00:00,KXBTC15M-26MAY251600-00,yes,1,0,1,7.3497,0.0000,7.3497,+5.5925,+0.0000,+5.5925,+128.3648,net_win,10,yes
2026-05-25T20:00:00+00:00,KXBTC15M-26MAY251615-15,yes,0,0,0,0.0000,0.0000,0.0000,+0.0000,+0.0000,+0.0000,+128.3648,no_bet,,
2026-05-25T20:15:00+00:00,KXBTC15M-26MAY251630-30,no,0,1,1,0.0000,14.8242,14.8242,+0.0000,+93.9209,+93.9209,+222.2857,net_win,11,no
2026-05-25T20:30:00+00:00,KXBTC15M-26MAY251645-45,no,0,0,0,0.0000,0.0000,0.0000,+0.0000,+0.0000,+0.0000,+222.2857,no_bet,,
2026-05-25T20:45:00+00:00,KXBTC15M-26MAY251700-00,yes,0,0,0,0.0000,0.0000,0.0000,+0.0000,+0.0000,+0.0000,+222.2857,no_bet,,
2026-05-25T21:00:00+00:00,KXBTC15M-26MAY251715-15,yes,0,0,0,0.0000,0.0000,0.0000,+0.0000,+0.0000,+0.0000,+222.2857,no_bet,,
2026-05-25T21:15:00+00:00,KXBTC15M-26MAY251730-30,no,2,0,2,9.1646,0.0000,9.1646,-9.1646,+0.0000,-9.1646,+213.1211,net_loss,12,yes
2026-05-25T21:30:00+00:00,KXBTC15M-26MAY251745-45,no,1,1,2,3.8760,7.9735,11.8495,-3.8760,+2.8837,-0.9923,+212.1288,net_loss,11,no
2026-05-25T21:45:00+00:00,KXBTC15M-26MAY251800-00,yes,0,0,0,0.0000,0.0000,0.0000,+0.0000,+0.0000,+0.0000,+212.1288,no_bet,,
2026-05-27T02:15:00+00:00,KXBTC15M-26MAY262230-30,no,0,0,0,0.0000,0.0000,0.0000,+0.0000,+0.0000,+0.0000,+212.1288,no_bet,,
2026-05-27T02:30:00+00:00,KXBTC15M-26MAY262245-45,no,0,0,0,0.0000,0.0000,0.0000,+0.0000,+0.0000,+0.0000,+212.1288,no_bet,,
2026-05-27T02:45:00+00:00,KXBTC15M-26MAY262300-00,yes,0,0,0,0.0000,0.0000,0.0000,+0.0000,+0.0000,+0.0000,+212.1288,no_bet,,
2026-05-27T03:00:00+00:00,KXBTC15M-26MAY262315-15,yes,0,0,0,0.0000,0.0000,0.0000,+0.0000,+0.0000,+0.0000,+212.1288,no_bet,,
2026-05-27T03:15:00+00:00,KXBTC15M-26MAY262330-30,no,0,0,0,0.0000,0.0000,0.0000,+0.0000,+0.0000,+0.0000,+212.1288,no_bet,,
2026-05-27T03:30:00+00:00,KXBTC15M-26MAY262345-45,no,0,0,0,0.0000,0.0000,0.0000,+0.0000,+0.0000,+0.0000,+212.1288,no_bet,,
2026-05-27T03:45:00+00:00,KXBTC15M-26MAY270000-00,no,0,0,0,0.0000,0.0000,0.0000,+0.0000,+0.0000,+0.0000,+212.1288,no_bet,,
2026-05-27T04:00:00+00:00,KXBTC15M-26MAY270015-15,no,0,0,0,0.0000,0.0000,0.0000,+0.0000,+0.0000,+0.0000,+212.1288,no_bet,,
2026-05-28T11:15:00+00:00,KXBTC15M-26MAY280730-30,no,0,1,1,0.0000,20.6085,20.6085,+0.0000,+15.0589,+15.0589,+227.1878,net_win,11,no
2026-05-28T11:30:00+00:00,KXBTC15M-26MAY280745-45,yes,0,0,0,0.0000,0.0000,0.0000,+0.0000,+0.0000,+0.0000,+227.1878,no_bet,,
2026-05-28T11:45:00+00:00,KXBTC15M-26MAY280800-00,yes,0,0,0,0.0000,0.0000,0.0000,+0.0000,+0.0000,+0.0000,+227.1878,no_bet,,
2026-05-28T12:00:00+00:00,KXBTC15M-26MAY280815-15,no,0,0,0,0.0000,0.0000,0.0000,+0.0000,+0.0000,+0.0000,+227.1878,no_bet,,
2026-05-28T12:30:00+00:00,KXBTC15M-26MAY280845-45,yes,0,0,0,0.0000,0.0000,0.0000,+0.0000,+0.0000,+0.0000,+227.1878,no_bet,,
2026-05-28T12:45:00+00:00,KXBTC15M-26MAY280900-00,yes,0,0,0,0.0000,0.0000,0.0000,+0.0000,+0.0000,+0.0000,+227.1878,no_bet,,
2026-05-28T13:00:00+00:00,KXBTC15M-26MAY280915-15,no,0,0,0,0.0000,0.0000,0.0000,+0.0000,+0.0000,+0.0000,+227.1878,no_bet,,
2026-05-28T13:15:00+00:00,KXBTC15M-26MAY280930-30,no,0,0,0,0.0000,0.0000,0.0000,+0.0000,+0.0000,+0.0000,+227.1878,no_bet,,
2026-05-28T13:30:00+00:00,KXBTC15M-26MAY280945-45,no,0,0,0,0.0000,0.0000,0.0000,+0.0000,+0.0000,+0.0000,+227.1878,no_bet,,
2026-05-28T13:45:00+00:00,KXBTC15M-26MAY281000-00,yes,0,0,0,0.0000,0.0000,0.0000,+0.0000,+0.0000,+0.0000,+227.1878,no_bet,,
2026-05-28T14:15:00+00:00,KXBTC15M-26MAY281030-30,no,0,0,0,0.0000,0.0000,0.0000,+0.0000,+0.0000,+0.0000,+227.1878,no_bet,,
2026-05-28T14:45:00+00:00,KXBTC15M-26MAY281100-00,yes,0,0,0,0.0000,0.0000,0.0000,+0.0000,+0.0000,+0.0000,+227.1878,no_bet,,
2026-05-28T15:00:00+00:00,KXBTC15M-26MAY281115-15,no,0,0,0,0.0000,0.0000,0.0000,+0.0000,+0.0000,+0.0000,+227.1878,no_bet,,
2026-05-28T15:15:00+00:00,KXBTC15M-26MAY281130-30,yes,0,0,0,0.0000,0.0000,0.0000,+0.0000,+0.0000,+0.0000,+227.1878,no_bet,,
2026-05-28T15:30:00+00:00,KXBTC15M-26MAY281145-45,yes,1,0,1,14.9587,0.0000,14.9587,+23.6873,+0.0000,+23.6873,+250.8751,net_win,13,yes
2026-05-28T15:45:00+00:00,KXBTC15M-26MAY281200-00,no,0,0,0,0.0000,0.0000,0.0000,+0.0000,+0.0000,+0.0000,+250.8751,no_bet,,
2026-05-28T16:00:00+00:00,KXBTC15M-26MAY281215-15,yes,0,0,0,0.0000,0.0000,0.0000,+0.0000,+0.0000,+0.0000,+250.8751,no_bet,,
2026-05-28T16:15:00+00:00,KXBTC15M-26MAY281230-30,yes,0,0,0,0.0000,0.0000,0.0000,+0.0000,+0.0000,+0.0000,+250.8751,no_bet,,
2026-05-28T16:30:00+00:00,KXBTC15M-26MAY281245-45,yes,0,0,0,0.0000,0.0000,0.0000,+0.0000,+0.0000,+0.0000,+250.8751,no_bet,,
2026-05-28T16:45:00+00:00,KXBTC15M-26MAY281300-00,yes,0,0,0,0.0000,0.0000,0.0000,+0.0000,+0.0000,+0.0000,+250.8751,no_bet,,
2026-05-28T17:00:00+00:00,KXBTC15M-26MAY281315-15,yes,0,0,0,0.0000,0.0000,0.0000,+0.0000,+0.0000,+0.0000,+250.8751,no_bet,,
2026-05-28T17:30:00+00:00,KXBTC15M-26MAY281345-45,yes,0,0,0,0.0000,0.0000,0.0000,+0.0000,+0.0000,+0.0000,+250.8751,no_bet,,
2026-05-28T17:45:00+00:00,KXBTC15M-26MAY281400-00,yes,0,1,1,0.0000,66.8840,66.8840,+0.0000,-66.8840,-66.8840,+183.9910,net_loss,10,no
2026-05-28T18:00:00+00:00,KXBTC15M-26MAY281415-15,yes,0,0,0,0.0000,0.0000,0.0000,+0.0000,+0.0000,+0.0000,+183.9910,no_bet,,
2026-05-28T18:15:00+00:00,KXBTC15M-26MAY281430-30,no,0,0,0,0.0000,0.0000,0.0000,+0.0000,+0.0000,+0.0000,+183.9910,no_bet,,
2026-05-28T18:30:00+00:00,KXBTC15M-26MAY281445-45,yes,1,1,2,11.5312,7.0961,18.6273,+9.8991,-7.0961,+2.8030,+186.7940,net_win,11,yes
2026-05-28T18:45:00+00:00,KXBTC15M-26MAY281500-00,yes,0,0,0,0.0000,0.0000,0.0000,+0.0000,+0.0000,+0.0000,+186.7940,no_bet,,
2026-05-28T19:00:00+00:00,KXBTC15M-26MAY281515-15,no,0,0,0,0.0000,0.0000,0.0000,+0.0000,+0.0000,+0.0000,+186.7940,no_bet,,
2026-05-28T19:15:00+00:00,KXBTC15M-26MAY281530-30,yes,0,0,0,0.0000,0.0000,0.0000,+0.0000,+0.0000,+0.0000,+186.7940,no_bet,,
2026-05-28T19:30:00+00:00,KXBTC15M-26MAY281545-45,no,0,0,0,0.0000,0.0000,0.0000,+0.0000,+0.0000,+0.0000,+186.7940,no_bet,,
2026-05-28T19:45:00+00:00,KXBTC15M-26MAY281600-00,no,0,1,1,0.0000,29.9792,29.9792,+0.0000,+71.6931,+71.6931,+258.4871,net_win,11,no
2026-05-28T20:00:00+00:00,KXBTC15M-26MAY281615-15,yes,1,1,2,20.1515,10.0881,30.2396,+184.9646,-10.0881,+174.8765,+433.3636,net_win,11,yes
2026-05-28T20:15:00+00:00,KXBTC15M-26MAY281630-30,yes,0,0,0,0.0000,0.0000,0.0000,+0.0000,+0.0000,+0.0000,+433.3636,no_bet,,
2026-05-28T20:30:00+00:00,KXBTC15M-26MAY281645-45,yes,0,0,0,0.0000,0.0000,0.0000,+0.0000,+0.0000,+0.0000,+433.3636,no_bet,,
2026-05-28T20:45:00+00:00,KXBTC15M-26MAY281700-00,no,0,0,0,0.0000,0.0000,0.0000,+0.0000,+0.0000,+0.0000,+433.3636,no_bet,,
2026-05-28T21:00:00+00:00,KXBTC15M-26MAY281715-15,yes,0,0,0,0.0000,0.0000,0.0000,+0.0000,+0.0000,+0.0000,+433.3636,no_bet,,
2026-05-28T21:15:00+00:00,KXBTC15M-26MAY281730-30,yes,0,0,0,0.0000,0.0000,0.0000,+0.0000,+0.0000,+0.0000,+433.3636,no_bet,,
2026-05-28T21:30:00+00:00,KXBTC15M-26MAY281745-45,yes,0,0,0,0.0000,0.0000,0.0000,+0.0000,+0.0000,+0.0000,+433.3636,no_bet,,
2026-05-28T21:45:00+00:00,KXBTC15M-26MAY281800-00,no,1,0,1,10.4308,0.0000,10.4308,-10.4308,+0.0000,-10.4308,+422.9328,net_loss,10,yes
2026-05-28T22:15:00+00:00,KXBTC15M-26MAY281830-30,no,0,0,0,0.0000,0.0000,0.0000,+0.0000,+0.0000,+0.0000,+422.9328,no_bet,,
2026-05-28T22:30:00+00:00,KXBTC15M-26MAY281845-45,no,0,0,0,0.0000,0.0000,0.0000,+0.0000,+0.0000,+0.0000,+422.9328,no_bet,,
2026-05-28T22:45:00+00:00,KXBTC15M-26MAY281900-00,no,0,1,1,0.0000,22.8120,22.8120,+0.0000,+67.1813,+67.1813,+490.1141,net_win,12,no
2026-05-28T23:00:00+00:00,KXBTC15M-26MAY281915-15,yes,0,0,0,0.0000,0.0000,0.0000,+0.0000,+0.0000,+0.0000,+490.1141,no_bet,,
2026-05-28T23:30:00+00:00,KXBTC15M-26MAY281945-45,no,0,0,0,0.0000,0.0000,0.0000,+0.0000,+0.0000,+0.0000,+490.1141,no_bet,,
2026-05-28T23:45:00+00:00,KXBTC15M-26MAY282000-00,yes,2,0,2,25.6823,0.0000,25.6823,+61.1371,+0.0000,+61.1371,+551.2512,net_win,10,yes
2026-05-29T00:00:00+00:00,KXBTC15M-26MAY282015-15,yes,0,0,0,0.0000,0.0000,0.0000,+0.0000,+0.0000,+0.0000,+551.2512,no_bet,,
2026-05-29T00:15:00+00:00,KXBTC15M-26MAY282030-30,yes,0,0,0,0.0000,0.0000,0.0000,+0.0000,+0.0000,+0.0000,+551.2512,no_bet,,
2026-05-29T00:30:00+00:00,KXBTC15M-26MAY282045-45,yes,1,0,1,9.2098,0.0000,9.2098,+1.7543,+0.0000,+1.7543,+553.0055,net_win,12,yes
2026-05-29T00:45:00+00:00,KXBTC15M-26MAY282100-00,no,0,0,0,0.0000,0.0000,0.0000,+0.0000,+0.0000,+0.0000,+553.0055,no_bet,,
2026-05-29T01:00:00+00:00,KXBTC15M-26MAY282115-15,yes,0,0,0,0.0000,0.0000,0.0000,+0.0000,+0.0000,+0.0000,+553.0055,no_bet,,
2026-05-29T01:15:00+00:00,KXBTC15M-26MAY282130-30,no,0,0,0,0.0000,0.0000,0.0000,+0.0000,+0.0000,+0.0000,+553.0055,no_bet,,
2026-05-29T01:30:00+00:00,KXBTC15M-26MAY282145-45,no,0,0,0,0.0000,0.0000,0.0000,+0.0000,+0.0000,+0.0000,+553.0055,no_bet,,
2026-05-29T01:45:00+00:00,KXBTC15M-26MAY282200-00,yes,0,0,0,0.0000,0.0000,0.0000,+0.0000,+0.0000,+0.0000,+553.0055,no_bet,,
2026-05-29T02:00:00+00:00,KXBTC15M-26MAY282215-15,yes,0,0,0,0.0000,0.0000,0.0000,+0.0000,+0.0000,+0.0000,+553.0055,no_bet,,
2026-05-29T02:15:00+00:00,KXBTC15M-26MAY282230-30,no,0,0,0,0.0000,0.0000,0.0000,+0.0000,+0.0000,+0.0000,+553.0055,no_bet,,
2026-05-29T02:30:00+00:00,KXBTC15M-26MAY282245-45,no,0,0,0,0.0000,0.0000,0.0000,+0.0000,+0.0000,+0.0000,+553.0055,no_bet,,
2026-05-29T02:45:00+00:00,KXBTC15M-26MAY282300-00,no,0,0,0,0.0000,0.0000,0.0000,+0.0000,+0.0000,+0.0000,+553.0055,no_bet,,
2026-05-29T03:00:00+00:00,KXBTC15M-26MAY282315-15,yes,0,0,0,0.0000,0.0000,0.0000,+0.0000,+0.0000,+0.0000,+553.0055,no_bet,,
2026-05-29T03:30:00+00:00,KXBTC15M-26MAY282345-45,no,0,0,0,0.0000,0.0000,0.0000,+0.0000,+0.0000,+0.0000,+553.0055,no_bet,,
2026-05-29T03:45:00+00:00,KXBTC15M-26MAY290000-00,no,0,0,0,0.0000,0.0000,0.0000,+0.0000,+0.0000,+0.0000,+553.0055,no_bet,,
2026-05-29T04:00:00+00:00,KXBTC15M-26MAY290015-15,no,0,0,0,0.0000,0.0000,0.0000,+0.0000,+0.0000,+0.0000,+553.0055,no_bet,,
2026-05-29T04:15:00+00:00,KXBTC15M-26MAY290030-30,yes,0,0,0,0.0000,0.0000,0.0000,+0.0000,+0.0000,+0.0000,+553.0055,no_bet,,
2026-05-29T04:30:00+00:00,KXBTC15M-26MAY290045-45,yes,0,0,0,0.0000,0.0000,0.0000,+0.0000,+0.0000,+0.0000,+553.0055,no_bet,,
2026-05-29T04:45:00+00:00,KXBTC15M-26MAY290100-00,yes,0,0,0,0.0000,0.0000,0.0000,+0.0000,+0.0000,+0.0000,+553.0055,no_bet,,
2026-05-29T05:00:00+00:00,KXBTC15M-26MAY290115-15,yes,0,0,0,0.0000,0.0000,0.0000,+0.0000,+0.0000,+0.0000,+553.0055,no_bet,,
2026-05-29T05:15:00+00:00,KXBTC15M-26MAY290130-30,no,0,0,0,0.0000,0.0000,0.0000,+0.0000,+0.0000,+0.0000,+553.0055,no_bet,,
2026-05-29T05:30:00+00:00,KXBTC15M-26MAY290145-45,no,0,0,0,0.0000,0.0000,0.0000,+0.0000,+0.0000,+0.0000,+553.0055,no_bet,,
2026-05-29T05:45:00+00:00,KXBTC15M-26MAY290200-00,yes,0,0,0,0.0000,0.0000,0.0000,+0.0000,+0.0000,+0.0000,+553.0055,no_bet,,
2026-05-29T06:00:00+00:00,KXBTC15M-26MAY290215-15,yes,0,0,0,0.0000,0.0000,0.0000,+0.0000,+0.0000,+0.0000,+553.0055,no_bet,,
2026-05-29T06:15:00+00:00,KXBTC15M-26MAY290230-30,yes,0,0,0,0.0000,0.0000,0.0000,+0.0000,+0.0000,+0.0000,+553.0055,no_bet,,
2026-05-29T06:30:00+00:00,KXBTC15M-26MAY290245-45,no,0,0,0,0.0000,0.0000,0.0000,+0.0000,+0.0000,+0.0000,+553.0055,no_bet,,
2026-05-29T06:45:00+00:00,KXBTC15M-26MAY290300-00,yes,0,0,0,0.0000,0.0000,0.0000,+0.0000,+0.0000,+0.0000,+553.0055,no_bet,,
2026-05-29T07:15:00+00:00,KXBTC15M-26MAY290330-30,no,0,0,0,0.0000,0.0000,0.0000,+0.0000,+0.0000,+0.0000,+553.0055,no_bet,,
2026-05-29T07:30:00+00:00,KXBTC15M-26MAY290345-45,no,0,0,0,0.0000,0.0000,0.0000,+0.0000,+0.0000,+0.0000,+553.0055,no_bet,,
2026-05-29T07:45:00+00:00,KXBTC15M-26MAY290400-00,yes,1,0,1,12.7756,0.0000,12.7756,+10.5363,+0.0000,+10.5363,+563.5417,net_win,11,yes
2026-05-29T08:00:00+00:00,KXBTC15M-26MAY290415-15,yes,0,0,0,0.0000,0.0000,0.0000,+0.0000,+0.0000,+0.0000,+563.5417,no_bet,,
2026-05-29T08:15:00+00:00,KXBTC15M-26MAY290430-30,yes,0,0,0,0.0000,0.0000,0.0000,+0.0000,+0.0000,+0.0000,+563.5417,no_bet,,
2026-05-29T08:30:00+00:00,KXBTC15M-26MAY290445-45,no,1,0,1,15.7395,0.0000,15.7395,-15.7395,+0.0000,-15.7395,+547.8022,net_loss,10,yes
2026-05-29T08:45:00+00:00,KXBTC15M-26MAY290500-00,no,0,0,0,0.0000,0.0000,0.0000,+0.0000,+0.0000,+0.0000,+547.8022,no_bet,,
2026-05-29T09:00:00+00:00,KXBTC15M-26MAY290515-15,yes,0,0,0,0.0000,0.0000,0.0000,+0.0000,+0.0000,+0.0000,+547.8022,no_bet,,
2026-05-29T09:15:00+00:00,KXBTC15M-26MAY290530-30,yes,0,0,0,0.0000,0.0000,0.0000,+0.0000,+0.0000,+0.0000,+547.8022,no_bet,,
2026-05-29T09:30:00+00:00,KXBTC15M-26MAY290545-45,no,0,0,0,0.0000,0.0000,0.0000,+0.0000,+0.0000,+0.0000,+547.8022,no_bet,,
2026-05-29T09:45:00+00:00,KXBTC15M-26MAY290600-00,no,0,0,0,0.0000,0.0000,0.0000,+0.0000,+0.0000,+0.0000,+547.8022,no_bet,,
2026-05-29T10:00:00+00:00,KXBTC15M-26MAY290615-15,no,0,0,0,0.0000,0.0000,0.0000,+0.0000,+0.0000,+0.0000,+547.8022,no_bet,,
2026-05-29T10:15:00+00:00,KXBTC15M-26MAY290630-30,no,0,0,0,0.0000,0.0000,0.0000,+0.0000,+0.0000,+0.0000,+547.8022,no_bet,,
2026-05-29T10:30:00+00:00,KXBTC15M-26MAY290645-45,yes,0,0,0,0.0000,0.0000,0.0000,+0.0000,+0.0000,+0.0000,+547.8022,no_bet,,
2026-05-29T10:45:00+00:00,KXBTC15M-26MAY290700-00,yes,1,0,1,32.0879,0.0000,32.0879,+19.0792,+0.0000,+19.0792,+566.8814,net_win,10,yes
2026-05-29T11:00:00+00:00,KXBTC15M-26MAY290715-15,yes,1,0,1,15.5020,0.0000,15.5020,+48.2651,+0.0000,+48.2651,+615.1464,net_win,10,yes
2026-05-29T11:15:00+00:00,KXBTC15M-26MAY290730-30,no,0,0,0,0.0000,0.0000,0.0000,+0.0000,+0.0000,+0.0000,+615.1464,no_bet,,
2026-05-29T11:30:00+00:00,KXBTC15M-26MAY290745-45,no,0,0,0,0.0000,0.0000,0.0000,+0.0000,+0.0000,+0.0000,+615.1464,no_bet,,
2026-05-29T11:45:00+00:00,KXBTC15M-26MAY290800-00,no,0,0,0,0.0000,0.0000,0.0000,+0.0000,+0.0000,+0.0000,+615.1464,no_bet,,
2026-05-29T12:00:00+00:00,KXBTC15M-26MAY290815-15,no,0,0,0,0.0000,0.0000,0.0000,+0.0000,+0.0000,+0.0000,+615.1464,no_bet,,
2026-05-29T12:15:00+00:00,KXBTC15M-26MAY290830-30,no,0,0,0,0.0000,0.0000,0.0000,+0.0000,+0.0000,+0.0000,+615.1464,no_bet,,
2026-05-29T12:30:00+00:00,KXBTC15M-26MAY290845-45,no,0,0,0,0.0000,0.0000,0.0000,+0.0000,+0.0000,+0.0000,+615.1464,no_bet,,
2026-05-29T12:45:00+00:00,KXBTC15M-26MAY290900-00,yes,1,0,1,10.9388,0.0000,10.9388,+3.9562,+0.0000,+3.9562,+619.1026,net_win,12,yes
2026-05-29T13:00:00+00:00,KXBTC15M-26MAY290915-15,no,0,0,0,0.0000,0.0000,0.0000,+0.0000,+0.0000,+0.0000,+619.1026,no_bet,,
2026-05-29T13:15:00+00:00,KXBTC15M-26MAY290930-30,no,0,0,0,0.0000,0.0000,0.0000,+0.0000,+0.0000,+0.0000,+619.1026,no_bet,,
2026-05-29T13:30:00+00:00,KXBTC15M-26MAY290945-45,yes,0,0,0,0.0000,0.0000,0.0000,+0.0000,+0.0000,+0.0000,+619.1026,no_bet,,
2026-05-29T13:45:00+00:00,KXBTC15M-26MAY291000-00,no,0,0,0,0.0000,0.0000,0.0000,+0.0000,+0.0000,+0.0000,+619.1026,no_bet,,
2026-05-29T14:00:00+00:00,KXBTC15M-26MAY291015-15,no,0,0,0,0.0000,0.0000,0.0000,+0.0000,+0.0000,+0.0000,+619.1026,no_bet,,
2026-05-29T14:15:00+00:00,KXBTC15M-26MAY291030-30,no,0,0,0,0.0000,0.0000,0.0000,+0.0000,+0.0000,+0.0000,+619.1026,no_bet,,
2026-05-29T14:30:00+00:00,KXBTC15M-26MAY291045-45,no,0,0,0,0.0000,0.0000,0.0000,+0.0000,+0.0000,+0.0000,+619.1026,no_bet,,
2026-05-29T14:45:00+00:00,KXBTC15M-26MAY291100-00,yes,0,0,0,0.0000,0.0000,0.0000,+0.0000,+0.0000,+0.0000,+619.1026,no_bet,,
2026-05-29T15:00:00+00:00,KXBTC15M-26MAY291115-15,yes,0,0,0,0.0000,0.0000,0.0000,+0.0000,+0.0000,+0.0000,+619.1026,no_bet,,
2026-05-29T15:15:00+00:00,KXBTC15M-26MAY291130-30,yes,0,0,0,0.0000,0.0000,0.0000,+0.0000,+0.0000,+0.0000,+619.1026,no_bet,,
2026-05-29T15:30:00+00:00,KXBTC15M-26MAY291145-45,yes,0,1,1,0.0000,15.1538,15.1538,+0.0000,-15.1538,-15.1538,+603.9488,net_loss,13,no
2026-05-29T15:45:00+00:00,KXBTC15M-26MAY291200-00,yes,1,1,2,22.4530,22.8539,45.3069,+16.4067,-22.8539,-6.4472,+597.5016,net_loss,10,no
2026-05-29T16:00:00+00:00,KXBTC15M-26MAY291215-15,yes,0,0,0,0.0000,0.0000,0.0000,+0.0000,+0.0000,+0.0000,+597.5016,no_bet,,
2026-05-29T16:15:00+00:00,KXBTC15M-26MAY291230-30,no,0,0,0,0.0000,0.0000,0.0000,+0.0000,+0.0000,+0.0000,+597.5016,no_bet,,
2026-05-29T16:30:00+00:00,KXBTC15M-26MAY291245-45,yes,0,0,0,0.0000,0.0000,0.0000,+0.0000,+0.0000,+0.0000,+597.5016,no_bet,,
2026-05-29T16:45:00+00:00,KXBTC15M-26MAY291300-00,yes,1,1,2,4.6288,14.7032,19.3320,+21.0175,-14.7032,+6.3142,+603.8158,net_win,10,no
2026-05-29T17:00:00+00:00,KXBTC15M-26MAY291315-15,yes,0,0,0,0.0000,0.0000,0.0000,+0.0000,+0.0000,+0.0000,+603.8158,no_bet,,
2026-05-29T23:45:00+00:00,KXBTC15M-26MAY292000-00,yes,0,0,0,0.0000,0.0000,0.0000,+0.0000,+0.0000,+0.0000,+603.8158,no_bet,,
2026-05-30T00:00:00+00:00,KXBTC15M-26MAY292015-15,yes,0,0,0,0.0000,0.0000,0.0000,+0.0000,+0.0000,+0.0000,+603.8158,no_bet,,
2026-05-30T00:15:00+00:00,KXBTC15M-26MAY292030-30,no,0,0,0,0.0000,0.0000,0.0000,+0.0000,+0.0000,+0.0000,+603.8158,no_bet,,
2026-05-30T00:30:00+00:00,KXBTC15M-26MAY292045-45,yes,0,0,0,0.0000,0.0000,0.0000,+0.0000,+0.0000,+0.0000,+603.8158,no_bet,,
2026-05-30T00:45:00+00:00,KXBTC15M-26MAY292100-00,yes,1,0,1,10.4346,0.0000,10.4346,+6.7436,+0.0000,+6.7436,+610.5594,net_win,10,yes
2026-05-30T01:00:00+00:00,KXBTC15M-26MAY292115-15,yes,0,0,0,0.0000,0.0000,0.0000,+0.0000,+0.0000,+0.0000,+610.5594,no_bet,,
2026-05-30T01:15:00+00:00,KXBTC15M-26MAY292130-30,yes,0,0,0,0.0000,0.0000,0.0000,+0.0000,+0.0000,+0.0000,+610.5594,no_bet,,
2026-05-30T02:15:00+00:00,KXBTC15M-26MAY292230-30,no,0,0,0,0.0000,0.0000,0.0000,+0.0000,+0.0000,+0.0000,+610.5594,no_bet,,
2026-05-30T03:15:00+00:00,KXBTC15M-26MAY292330-30,no,0,0,0,0.0000,0.0000,0.0000,+0.0000,+0.0000,+0.0000,+610.5594,no_bet,,
2026-05-30T03:30:00+00:00,KXBTC15M-26MAY292345-45,no,0,0,0,0.0000,0.0000,0.0000,+0.0000,+0.0000,+0.0000,+610.5594,no_bet,,
2026-05-30T03:45:00+00:00,KXBTC15M-26MAY300000-00,no,0,1,1,0.0000,12.3119,12.3119,+0.0000,+19.4960,+19.4960,+630.0554,net_win,11,no
2026-05-30T04:00:00+00:00,KXBTC15M-26MAY300015-15,no,0,0,0,0.0000,0.0000,0.0000,+0.0000,+0.0000,+0.0000,+630.0554,no_bet,,
2026-05-30T05:00:00+00:00,KXBTC15M-26MAY300115-15,yes,0,0,0,0.0000,0.0000,0.0000,+0.0000,+0.0000,+0.0000,+630.0554,no_bet,,
2026-05-30T15:00:00+00:00,KXBTC15M-26MAY301115-15,yes,0,0,0,0.0000,0.0000,0.0000,+0.0000,+0.0000,+0.0000,+630.0554,no_bet,,
2026-05-30T16:00:00+00:00,KXBTC15M-26MAY301215-15,yes,1,0,1,14.5146,0.0000,14.5146,+6.6486,+0.0000,+6.6486,+636.7039,net_win,10,yes
2026-05-30T17:00:00+00:00,KXBTC15M-26MAY301315-15,no,0,0,0,0.0000,0.0000,0.0000,+0.0000,+0.0000,+0.0000,+636.7039,no_bet,,
2026-05-30T18:00:00+00:00,KXBTC15M-26MAY301415-15,no,0,0,0,0.0000,0.0000,0.0000,+0.0000,+0.0000,+0.0000,+636.7039,no_bet,,
2026-05-30T19:00:00+00:00,KXBTC15M-26MAY301515-15,no,0,0,0,0.0000,0.0000,0.0000,+0.0000,+0.0000,+0.0000,+636.7039,no_bet,,
2026-05-31T00:30:00+00:00,KXBTC15M-26MAY302045-45,no,1,0,1,7.2281,0.0000,7.2281,-7.2281,+0.0000,-7.2281,+629.4758,net_loss,11,yes
2026-05-31T01:30:00+00:00,KXBTC15M-26MAY302145-45,no,1,0,1,29.4315,0.0000,29.4315,-29.4315,+0.0000,-29.4315,+600.0443,net_loss,11,yes
2026-05-31T02:30:00+00:00,KXBTC15M-26MAY302245-45,no,0,0,0,0.0000,0.0000,0.0000,+0.0000,+0.0000,+0.0000,+600.0443,no_bet,,
2026-05-31T04:45:00+00:00,KXBTC15M-26MAY310100-00,yes,0,0,0,0.0000,0.0000,0.0000,+0.0000,+0.0000,+0.0000,+600.0443,no_bet,,
2026-05-31T05:45:00+00:00,KXBTC15M-26MAY310200-00,no,0,0,0,0.0000,0.0000,0.0000,+0.0000,+0.0000,+0.0000,+600.0443,no_bet,,
2026-05-31T06:45:00+00:00,KXBTC15M-26MAY310300-00,no,0,0,0,0.0000,0.0000,0.0000,+0.0000,+0.0000,+0.0000,+600.0443,no_bet,,
2026-05-31T18:45:00+00:00,KXBTC15M-26MAY311500-00,no,0,0,0,0.0000,0.0000,0.0000,+0.0000,+0.0000,+0.0000,+600.0443,no_bet,,
2026-05-31T19:45:00+00:00,KXBTC15M-26MAY311600-00,yes,2,0,2,23.4565,0.0000,23.4565,+10.1179,+0.0000,+10.1179,+610.1622,net_win,11,yes
2026-05-31T20:45:00+00:00,KXBTC15M-26MAY311700-00,yes,0,0,0,0.0000,0.0000,0.0000,+0.0000,+0.0000,+0.0000,+610.1622,no_bet,,
2026-05-31T21:45:00+00:00,KXBTC15M-26MAY311800-00,yes,0,0,0,0.0000,0.0000,0.0000,+0.0000,+0.0000,+0.0000,+610.1622,no_bet,,
2026-05-31T22:45:00+00:00,KXBTC15M-26MAY311900-00,yes,0,0,0,0.0000,0.0000,0.0000,+0.0000,+0.0000,+0.0000,+610.1622,no_bet,,
2026-05-31T23:45:00+00:00,KXBTC15M-26MAY312000-00,yes,0,0,0,0.0000,0.0000,0.0000,+0.0000,+0.0000,+0.0000,+610.1622,no_bet,,
2026-06-01T03:00:00+00:00,KXBTC15M-26MAY312315-15,yes,0,0,0,0.0000,0.0000,0.0000,+0.0000,+0.0000,+0.0000,+610.1622,no_bet,,
2026-06-01T04:00:00+00:00,KXBTC15M-26JUN010015-15,no,0,0,0,0.0000,0.0000,0.0000,+0.0000,+0.0000,+0.0000,+610.1622,no_bet,,
2026-06-02T02:30:00+00:00,KXBTC15M-26JUN012245-45,no,0,0,0,0.0000,0.0000,0.0000,+0.0000,+0.0000,+0.0000,+610.1622,no_bet,,
2026-06-02T03:30:00+00:00,KXBTC15M-26JUN012345-45,yes,0,0,0,0.0000,0.0000,0.0000,+0.0000,+0.0000,+0.0000,+610.1622,no_bet,,
2026-06-02T14:15:00+00:00,KXBTC15M-26JUN021030-30,no,0,0,0,0.0000,0.0000,0.0000,+0.0000,+0.0000,+0.0000,+610.1622,no_bet,,
2026-06-02T15:15:00+00:00,KXBTC15M-26JUN021130-30,no,0,0,0,0.0000,0.0000,0.0000,+0.0000,+0.0000,+0.0000,+610.1622,no_bet,,
2026-06-02T16:15:00+00:00,KXBTC15M-26JUN021230-30,no,0,0,0,0.0000,0.0000,0.0000,+0.0000,+0.0000,+0.0000,+610.1622,no_bet,,
2026-06-03T02:00:00+00:00,KXBTC15M-26JUN022215-15,no,0,0,0,0.0000,0.0000,0.0000,+0.0000,+0.0000,+0.0000,+610.1622,no_bet,,
2026-06-03T03:00:00+00:00,KXBTC15M-26JUN022315-15,no,0,0,0,0.0000,0.0000,0.0000,+0.0000,+0.0000,+0.0000,+610.1622,no_bet,,
2026-06-03T04:00:00+00:00,KXBTC15M-26JUN030015-15,yes,0,0,0,0.0000,0.0000,0.0000,+0.0000,+0.0000,+0.0000,+610.1622,no_bet,,
2026-06-03T06:00:00+00:00,KXBTC15M-26JUN030215-15,no,0,0,0,0.0000,0.0000,0.0000,+0.0000,+0.0000,+0.0000,+610.1622,no_bet,,
2026-06-03T07:00:00+00:00,KXBTC15M-26JUN030315-15,yes,0,0,0,0.0000,0.0000,0.0000,+0.0000,+0.0000,+0.0000,+610.1622,no_bet,,
2026-06-03T08:00:00+00:00,KXBTC15M-26JUN030415-15,no,0,0,0,0.0000,0.0000,0.0000,+0.0000,+0.0000,+0.0000,+610.1622,no_bet,,
2026-06-03T10:15:00+00:00,KXBTC15M-26JUN030630-30,no,0,0,0,0.0000,0.0000,0.0000,+0.0000,+0.0000,+0.0000,+610.1622,no_bet,,
2026-06-03T10:45:00+00:00,KXBTC15M-26JUN030700-00,yes,1,0,1,37.0663,0.0000,37.0663,+58.6950,+0.0000,+58.6950,+668.8572,net_win,10,yes
2026-06-03T18:00:00+00:00,KXBTC15M-26JUN031415-15,no,0,2,2,0.0000,53.9200,53.9200,+0.0000,+139.0278,+139.0278,+807.8850,net_win,10,no
2026-06-03T19:00:00+00:00,KXBTC15M-26JUN031515-15,no,0,0,0,0.0000,0.0000,0.0000,+0.0000,+0.0000,+0.0000,+807.8850,no_bet,,
2026-06-04T20:45:00+00:00,KXBTC15M-26JUN041700-00,yes,0,0,0,0.0000,0.0000,0.0000,+0.0000,+0.0000,+0.0000,+807.8850,no_bet,,
2026-06-04T21:45:00+00:00,KXBTC15M-26JUN041800-00,no,0,0,0,0.0000,0.0000,0.0000,+0.0000,+0.0000,+0.0000,+807.8850,no_bet,,
2026-06-04T22:45:00+00:00,KXBTC15M-26JUN041900-00,yes,0,0,0,0.0000,0.0000,0.0000,+0.0000,+0.0000,+0.0000,+807.8850,no_bet,,
2026-06-04T23:45:00+00:00,KXBTC15M-26JUN042000-00,yes,0,0,0,0.0000,0.0000,0.0000,+0.0000,+0.0000,+0.0000,+807.8850,no_bet,,
2026-06-05T00:45:00+00:00,KXBTC15M-26JUN042100-00,no,0,0,0,0.0000,0.0000,0.0000,+0.0000,+0.0000,+0.0000,+807.8850,no_bet,,
2026-06-05T01:45:00+00:00,KXBTC15M-26JUN042200-00,no,0,1,1,0.0000,19.9537,19.9537,+0.0000,+6.5200,+6.5200,+814.4050,net_win,11,no
2026-06-05T02:45:00+00:00,KXBTC15M-26JUN042300-00,no,0,0,0,0.0000,0.0000,0.0000,+0.0000,+0.0000,+0.0000,+814.4050,no_bet,,
2026-06-05T03:45:00+00:00,KXBTC15M-26JUN050000-00,yes,0,0,0,0.0000,0.0000,0.0000,+0.0000,+0.0000,+0.0000,+814.4050,no_bet,,
2026-06-05T04:30:00+00:00,KXBTC15M-26JUN050045-45,no,1,0,1,8.3400,0.0000,8.3400,-8.3400,+0.0000,-8.3400,+806.0650,net_loss,11,yes
2026-06-05T08:15:00+00:00,KXBTC15M-26JUN050430-30,yes,2,0,2,65.2983,0.0000,65.2983,+249.6425,+0.0000,+249.6425,+1055.7076,net_win,11,yes
2026-06-05T08:30:00+00:00,KXBTC15M-26JUN050445-45,no,0,0,0,0.0000,0.0000,0.0000,+0.0000,+0.0000,+0.0000,+1055.7076,no_bet,,
2026-06-05T13:45:00+00:00,KXBTC15M-26JUN051000-00,no,0,0,0,0.0000,0.0000,0.0000,+0.0000,+0.0000,+0.0000,+1055.7076,no_bet,,
2026-06-05T15:45:00+00:00,KXBTC15M-26JUN051200-00,yes,0,0,0,0.0000,0.0000,0.0000,+0.0000,+0.0000,+0.0000,+1055.7076,no_bet,,
2026-06-05T22:15:00+00:00,KXBTC15M-26JUN051830-30,yes,0,0,0,0.0000,0.0000,0.0000,+0.0000,+0.0000,+0.0000,+1055.7076,no_bet,,
2026-06-06T06:45:00+00:00,KXBTC15M-26JUN060300-00,no,1,0,1,9.5288,0.0000,9.5288,-9.5288,+0.0000,-9.5288,+1046.1787,net_loss,10,yes
2026-06-06T07:45:00+00:00,KXBTC15M-26JUN060400-00,no,0,0,0,0.0000,0.0000,0.0000,+0.0000,+0.0000,+0.0000,+1046.1787,no_bet,,
2026-06-06T08:45:00+00:00,KXBTC15M-26JUN060500-00,no,0,0,0,0.0000,0.0000,0.0000,+0.0000,+0.0000,+0.0000,+1046.1787,no_bet,,
2026-06-06T09:30:00+00:00,KXBTC15M-26JUN060545-45,no,0,1,1,0.0000,46.7764,46.7764,+0.0000,+10.2042,+10.2042,+1056.3829,net_win,10,no
2026-06-06T17:15:00+00:00,KXBTC15M-26JUN061330-30,no,0,0,0,0.0000,0.0000,0.0000,+0.0000,+0.0000,+0.0000,+1056.3829,no_bet,,
2026-06-06T18:15:00+00:00,KXBTC15M-26JUN061430-30,yes,0,0,0,0.0000,0.0000,0.0000,+0.0000,+0.0000,+0.0000,+1056.3829,no_bet,,
2026-06-06T19:15:00+00:00,KXBTC15M-26JUN061530-30,no,0,0,0,0.0000,0.0000,0.0000,+0.0000,+0.0000,+0.0000,+1056.3829,no_bet,,
2026-06-07T02:45:00+00:00,KXBTC15M-26JUN062300-00,yes,0,0,0,0.0000,0.0000,0.0000,+0.0000,+0.0000,+0.0000,+1056.3829,no_bet,,
2026-06-07T03:45:00+00:00,KXBTC15M-26JUN070000-00,yes,0,0,0,0.0000,0.0000,0.0000,+0.0000,+0.0000,+0.0000,+1056.3829,no_bet,,
2026-06-07T04:45:00+00:00,KXBTC15M-26JUN070100-00,yes,0,0,0,0.0000,0.0000,0.0000,+0.0000,+0.0000,+0.0000,+1056.3829,no_bet,,
2026-06-07T05:00:00+00:00,KXBTC15M-26JUN070115-15,yes,0,0,0,0.0000,0.0000,0.0000,+0.0000,+0.0000,+0.0000,+1056.3829,no_bet,,
2026-06-07T23:15:00+00:00,KXBTC15M-26JUN071930-30,yes,0,0,0,0.0000,0.0000,0.0000,+0.0000,+0.0000,+0.0000,+1056.3829,no_bet,,
2026-06-08T00:15:00+00:00,KXBTC15M-26JUN072030-30,yes,0,0,0,0.0000,0.0000,0.0000,+0.0000,+0.0000,+0.0000,+1056.3829,no_bet,,
2026-06-08T01:15:00+00:00,KXBTC15M-26JUN072130-30,no,1,0,1,46.5502,0.0000,46.5502,-46.5502,+0.0000,-46.5502,+1009.8327,net_loss,10,yes
2026-06-08T04:15:00+00:00,KXBTC15M-26JUN080030-30,no,0,0,0,0.0000,0.0000,0.0000,+0.0000,+0.0000,+0.0000,+1009.8327,no_bet,,
2026-06-08T05:15:00+00:00,KXBTC15M-26JUN080130-30,yes,1,0,1,10.8561,0.0000,10.8561,+5.6791,+0.0000,+5.6791,+1015.5118,net_win,11,yes
2026-06-08T07:30:00+00:00,KXBTC15M-26JUN080345-45,no,0,0,0,0.0000,0.0000,0.0000,+0.0000,+0.0000,+0.0000,+1015.5118,no_bet,,
2026-06-08T13:00:00+00:00,KXBTC15M-26JUN080915-15,no,0,0,0,0.0000,0.0000,0.0000,+0.0000,+0.0000,+0.0000,+1015.5118,no_bet,,
2026-06-08T18:00:00+00:00,KXBTC15M-26JUN081415-15,yes,0,0,0,0.0000,0.0000,0.0000,+0.0000,+0.0000,+0.0000,+1015.5118,no_bet,,
2026-06-08T18:45:00+00:00,KXBTC15M-26JUN081500-00,no,1,1,2,7.6795,49.6912,57.3708,-7.6795,+23.8066,+16.1271,+1031.6389,net_win,11,yes
2026-06-09T06:00:00+00:00,KXBTC15M-26JUN090215-15,yes,0,0,0,0.0000,0.0000,0.0000,+0.0000,+0.0000,+0.0000,+1031.6389,no_bet,,
2026-06-09T06:45:00+00:00,KXBTC15M-26JUN090300-00,no,0,0,0,0.0000,0.0000,0.0000,+0.0000,+0.0000,+0.0000,+1031.6389,no_bet,,
2026-06-09T08:00:00+00:00,KXBTC15M-26JUN090415-15,no,0,0,0,0.0000,0.0000,0.0000,+0.0000,+0.0000,+0.0000,+1031.6389,no_bet,,
2026-06-10T02:45:00+00:00,KXBTC15M-26JUN092300-00,no,0,0,0,0.0000,0.0000,0.0000,+0.0000,+0.0000,+0.0000,+1031.6389,no_bet,,
2026-06-10T03:45:00+00:00,KXBTC15M-26JUN100000-00,yes,0,0,0,0.0000,0.0000,0.0000,+0.0000,+0.0000,+0.0000,+1031.6389,no_bet,,
2026-06-10T04:45:00+00:00,KXBTC15M-26JUN100100-00,yes,0,0,0,0.0000,0.0000,0.0000,+0.0000,+0.0000,+0.0000,+1031.6389,no_bet,,
2026-06-10T05:45:00+00:00,KXBTC15M-26JUN100200-00,yes,0,0,0,0.0000,0.0000,0.0000,+0.0000,+0.0000,+0.0000,+1031.6389,no_bet,,
2026-06-10T06:45:00+00:00,KXBTC15M-26JUN100300-00,yes,0,0,0,0.0000,0.0000,0.0000,+0.0000,+0.0000,+0.0000,+1031.6389,no_bet,,
2026-06-10T07:45:00+00:00,KXBTC15M-26JUN100400-00,no,0,0,0,0.0000,0.0000,0.0000,+0.0000,+0.0000,+0.0000,+1031.6389,no_bet,,
2026-06-10T10:00:00+00:00,KXBTC15M-26JUN100615-15,no,0,0,0,0.0000,0.0000,0.0000,+0.0000,+0.0000,+0.0000,+1031.6389,no_bet,,
2026-06-10T11:00:00+00:00,KXBTC15M-26JUN100715-15,no,0,0,0,0.0000,0.0000,0.0000,+0.0000,+0.0000,+0.0000,+1031.6389,no_bet,,
2026-06-10T13:00:00+00:00,KXBTC15M-26JUN100915-15,no,0,0,0,0.0000,0.0000,0.0000,+0.0000,+0.0000,+0.0000,+1031.6389,no_bet,,
2026-06-10T14:00:00+00:00,KXBTC15M-26JUN101015-15,no,0,0,0,0.0000,0.0000,0.0000,+0.0000,+0.0000,+0.0000,+1031.6389,no_bet,,
2026-06-10T20:45:00+00:00,KXBTC15M-26JUN101700-00,no,0,0,0,0.0000,0.0000,0.0000,+0.0000,+0.0000,+0.0000,+1031.6389,no_bet,,
2026-06-10T21:45:00+00:00,KXBTC15M-26JUN101800-00,no,0,0,0,0.0000,0.0000,0.0000,+0.0000,+0.0000,+0.0000,+1031.6389,no_bet,,
2026-06-10T22:45:00+00:00,KXBTC15M-26JUN101900-00,no,0,0,0,0.0000,0.0000,0.0000,+0.0000,+0.0000,+0.0000,+1031.6389,no_bet,,
2026-06-10T23:45:00+00:00,KXBTC15M-26JUN102000-00,no,0,0,0,0.0000,0.0000,0.0000,+0.0000,+0.0000,+0.0000,+1031.6389,no_bet,,
2026-06-11T03:45:00+00:00,KXBTC15M-26JUN110000-00,yes,0,0,0,0.0000,0.0000,0.0000,+0.0000,+0.0000,+0.0000,+1031.6389,no_bet,,
2026-06-11T04:45:00+00:00,KXBTC15M-26JUN110100-00,yes,0,0,0,0.0000,0.0000,0.0000,+0.0000,+0.0000,+0.0000,+1031.6389,no_bet,,
2026-06-11T05:45:00+00:00,KXBTC15M-26JUN110200-00,no,0,1,1,0.0000,18.4102,18.4102,+0.0000,+11.8980,+11.8980,+1043.5369,net_win,11,no
2026-06-11T21:45:00+00:00,KXBTC15M-26JUN111800-00,no,0,0,0,0.0000,0.0000,0.0000,+0.0000,+0.0000,+0.0000,+1043.5369,no_bet,,
2026-06-12T03:45:00+00:00,KXBTC15M-26JUN120000-00,yes,0,0,0,0.0000,0.0000,0.0000,+0.0000,+0.0000,+0.0000,+1043.5369,no_bet,,
2026-06-13T14:15:00+00:00,KXBTC15M-26JUN131030-30,no,0,0,0,0.0000,0.0000,0.0000,+0.0000,+0.0000,+0.0000,+1043.5369,no_bet,,
2026-06-14T20:45:00+00:00,KXBTC15M-26JUN141700-00,no,2,0,2,9.5271,0.0000,9.5271,-9.5271,+0.0000,-9.5271,+1034.0098,net_loss,10,yes
2026-06-15T00:45:00+00:00,KXBTC15M-26JUN142100-00,yes,0,0,0,0.0000,0.0000,0.0000,+0.0000,+0.0000,+0.0000,+1034.0098,no_bet,,
2026-06-15T03:00:00+00:00,KXBTC15M-26JUN142315-15,yes,0,0,0,0.0000,0.0000,0.0000,+0.0000,+0.0000,+0.0000,+1034.0098,no_bet,,
2026-06-15T04:00:00+00:00,KXBTC15M-26JUN150015-15,no,0,0,0,0.0000,0.0000,0.0000,+0.0000,+0.0000,+0.0000,+1034.0098,no_bet,,
2026-06-15T05:00:00+00:00,KXBTC15M-26JUN150115-15,yes,0,0,0,0.0000,0.0000,0.0000,+0.0000,+0.0000,+0.0000,+1034.0098,no_bet,,
2026-06-15T06:00:00+00:00,KXBTC15M-26JUN150215-15,yes,0,0,0,0.0000,0.0000,0.0000,+0.0000,+0.0000,+0.0000,+1034.0098,no_bet,,
2026-06-15T22:30:00+00:00,KXBTC15M-26JUN151845-45,yes,0,0,0,0.0000,0.0000,0.0000,+0.0000,+0.0000,+0.0000,+1034.0098,no_bet,,
2026-06-15T23:30:00+00:00,KXBTC15M-26JUN151945-45,yes,0,0,0,0.0000,0.0000,0.0000,+0.0000,+0.0000,+0.0000,+1034.0098,no_bet,,
2026-06-16T00:30:00+00:00,KXBTC15M-26JUN152045-45,yes,0,0,0,0.0000,0.0000,0.0000,+0.0000,+0.0000,+0.0000,+1034.0098,no_bet,,
2026-06-16T01:30:00+00:00,KXBTC15M-26JUN152145-45,no,0,0,0,0.0000,0.0000,0.0000,+0.0000,+0.0000,+0.0000,+1034.0098,no_bet,,
2026-06-16T04:30:00+00:00,KXBTC15M-26JUN160045-45,no,0,0,0,0.0000,0.0000,0.0000,+0.0000,+0.0000,+0.0000,+1034.0098,no_bet,,
2026-06-16T06:45:00+00:00,KXBTC15M-26JUN160300-00,yes,0,0,0,0.0000,0.0000,0.0000,+0.0000,+0.0000,+0.0000,+1034.0098,no_bet,,
2026-06-16T07:45:00+00:00,KXBTC15M-26JUN160400-00,yes,0,0,0,0.0000,0.0000,0.0000,+0.0000,+0.0000,+0.0000,+1034.0098,no_bet,,
2026-06-16T08:45:00+00:00,KXBTC15M-26JUN160500-00,yes,0,0,0,0.0000,0.0000,0.0000,+0.0000,+0.0000,+0.0000,+1034.0098,no_bet,,
2026-06-16T09:45:00+00:00,KXBTC15M-26JUN160600-00,no,0,0,0,0.0000,0.0000,0.0000,+0.0000,+0.0000,+0.0000,+1034.0098,no_bet,,
2026-06-16T12:30:00+00:00,KXBTC15M-26JUN160845-45,no,0,1,1,0.0000,42.2845,42.2845,+0.0000,+111.9239,+111.9239,+1145.9336,net_win,10,no
2026-06-16T17:00:00+00:00,KXBTC15M-26JUN161315-15,yes,0,0,0,0.0000,0.0000,0.0000,+0.0000,+0.0000,+0.0000,+1145.9336,no_bet,,
2026-06-16T18:00:00+00:00,KXBTC15M-26JUN161415-15,yes,0,0,0,0.0000,0.0000,0.0000,+0.0000,+0.0000,+0.0000,+1145.9336,no_bet,,
2026-06-16T19:00:00+00:00,KXBTC15M-26JUN161515-15,no,0,0,0,0.0000,0.0000,0.0000,+0.0000,+0.0000,+0.0000,+1145.9336,no_bet,,
2026-06-16T20:00:00+00:00,KXBTC15M-26JUN161615-15,yes,0,0,0,0.0000,0.0000,0.0000,+0.0000,+0.0000,+0.0000,+1145.9336,no_bet,,
2026-06-16T21:00:00+00:00,KXBTC15M-26JUN161715-15,yes,0,0,0,0.0000,0.0000,0.0000,+0.0000,+0.0000,+0.0000,+1145.9336,no_bet,,
2026-06-16T22:00:00+00:00,KXBTC15M-26JUN161815-15,yes,0,0,0,0.0000,0.0000,0.0000,+0.0000,+0.0000,+0.0000,+1145.9336,no_bet,,
2026-06-16T23:00:00+00:00,KXBTC15M-26JUN161915-15,no,0,0,0,0.0000,0.0000,0.0000,+0.0000,+0.0000,+0.0000,+1145.9336,no_bet,,
2026-06-17T00:00:00+00:00,KXBTC15M-26JUN162015-15,yes,0,0,0,0.0000,0.0000,0.0000,+0.0000,+0.0000,+0.0000,+1145.9336,no_bet,,
2026-06-17T02:00:00+00:00,KXBTC15M-26JUN162215-15,no,0,0,0,0.0000,0.0000,0.0000,+0.0000,+0.0000,+0.0000,+1145.9336,no_bet,,
2026-06-17T02:15:00+00:00,KXBTC15M-26JUN162230-30,yes,0,0,0,0.0000,0.0000,0.0000,+0.0000,+0.0000,+0.0000,+1145.9336,no_bet,,
2026-06-17T03:15:00+00:00,KXBTC15M-26JUN162330-30,no,0,0,0,0.0000,0.0000,0.0000,+0.0000,+0.0000,+0.0000,+1145.9336,no_bet,,
2026-06-17T04:15:00+00:00,KXBTC15M-26JUN170030-30,yes,0,0,0,0.0000,0.0000,0.0000,+0.0000,+0.0000,+0.0000,+1145.9336,no_bet,,
2026-06-17T08:15:00+00:00,KXBTC15M-26JUN170430-30,no,0,0,0,0.0000,0.0000,0.0000,+0.0000,+0.0000,+0.0000,+1145.9336,no_bet,,
2026-06-17T10:30:00+00:00,KXBTC15M-26JUN170645-45,no,0,0,0,0.0000,0.0000,0.0000,+0.0000,+0.0000,+0.0000,+1145.9336,no_bet,,
2026-06-17T11:30:00+00:00,KXBTC15M-26JUN170745-45,yes,0,0,0,0.0000,0.0000,0.0000,+0.0000,+0.0000,+0.0000,+1145.9336,no_bet,,
2026-06-17T12:30:00+00:00,KXBTC15M-26JUN170845-45,yes,0,0,0,0.0000,0.0000,0.0000,+0.0000,+0.0000,+0.0000,+1145.9336,no_bet,,
2026-06-17T13:30:00+00:00,KXBTC15M-26JUN170945-45,yes,0,0,0,0.0000,0.0000,0.0000,+0.0000,+0.0000,+0.0000,+1145.9336,no_bet,,
2026-06-17T14:30:00+00:00,KXBTC15M-26JUN171045-45,no,0,0,0,0.0000,0.0000,0.0000,+0.0000,+0.0000,+0.0000,+1145.9336,no_bet,,
2026-06-17T15:30:00+00:00,KXBTC15M-26JUN171145-45,yes,0,0,0,0.0000,0.0000,0.0000,+0.0000,+0.0000,+0.0000,+1145.9336,no_bet,,
2026-06-17T16:30:00+00:00,KXBTC15M-26JUN171245-45,no,0,0,0,0.0000,0.0000,0.0000,+0.0000,+0.0000,+0.0000,+1145.9336,no_bet,,
2026-06-17T17:30:00+00:00,KXBTC15M-26JUN171345-45,no,0,1,1,0.0000,10.6716,10.6716,+0.0000,+3.3082,+3.3082,+1149.2418,net_win,10,no
2026-06-18T01:15:00+00:00,KXBTC15M-26JUN172130-30,no,0,0,0,0.0000,0.0000,0.0000,+0.0000,+0.0000,+0.0000,+1149.2418,no_bet,,
2026-06-18T02:15:00+00:00,KXBTC15M-26JUN172230-30,yes,0,0,0,0.0000,0.0000,0.0000,+0.0000,+0.0000,+0.0000,+1149.2418,no_bet,,
2026-06-19T04:30:00+00:00,KXBTC15M-26JUN190045-45,no,0,0,0,0.0000,0.0000,0.0000,+0.0000,+0.0000,+0.0000,+1149.2418,no_bet,,
2026-06-19T17:30:00+00:00,KXBTC15M-26JUN191345-45,yes,0,0,0,0.0000,0.0000,0.0000,+0.0000,+0.0000,+0.0000,+1149.2418,no_bet,,
2026-06-20T17:30:00+00:00,KXBTC15M-26JUN201345-45,no,0,0,0,0.0000,0.0000,0.0000,+0.0000,+0.0000,+0.0000,+1149.2418,no_bet,,
2026-06-20T18:30:00+00:00,KXBTC15M-26JUN201445-45,no,0,0,0,0.0000,0.0000,0.0000,+0.0000,+0.0000,+0.0000,+1149.2418,no_bet,,
2026-06-21T05:00:00+00:00,KXBTC15M-26JUN210115-15,no,0,0,0,0.0000,0.0000,0.0000,+0.0000,+0.0000,+0.0000,+1149.2418,no_bet,,
2026-06-21T16:30:00+00:00,KXBTC15M-26JUN211245-45,no,0,0,0,0.0000,0.0000,0.0000,+0.0000,+0.0000,+0.0000,+1149.2418,no_bet,,
2026-06-21T17:30:00+00:00,KXBTC15M-26JUN211345-45,yes,0,0,0,0.0000,0.0000,0.0000,+0.0000,+0.0000,+0.0000,+1149.2418,no_bet,,
2026-06-21T18:30:00+00:00,KXBTC15M-26JUN211445-45,yes,0,0,0,0.0000,0.0000,0.0000,+0.0000,+0.0000,+0.0000,+1149.2418,no_bet,,
2026-06-22T20:15:00+00:00,KXBTC15M-26JUN221630-30,no,0,0,0,0.0000,0.0000,0.0000,+0.0000,+0.0000,+0.0000,+1149.2418,no_bet,,
2026-06-22T21:15:00+00:00,KXBTC15M-26JUN221730-30,no,0,0,0,0.0000,0.0000,0.0000,+0.0000,+0.0000,+0.0000,+1149.2418,no_bet,,
2026-06-22T22:15:00+00:00,KXBTC15M-26JUN221830-30,no,0,0,0,0.0000,0.0000,0.0000,+0.0000,+0.0000,+0.0000,+1149.2418,no_bet,,
2026-06-23T05:45:00+00:00,KXBTC15M-26JUN230200-00,no,0,0,0,0.0000,0.0000,0.0000,+0.0000,+0.0000,+0.0000,+1149.2418,no_bet,,
2026-06-24T20:45:00+00:00,KXBTC15M-26JUN241700-00,yes,1,0,1,46.4523,0.0000,46.4523,+18.5145,+0.0000,+18.5145,+1167.7564,net_win,11,yes
2026-06-25T01:00:00+00:00,KXBTC15M-26JUN242115-15,yes,0,1,1,0.0000,60.2300,60.2300,+0.0000,-60.2300,-60.2300,+1107.5264,net_loss,10,no
2026-06-25T02:00:00+00:00,KXBTC15M-26JUN242215-15,no,0,0,0,0.0000,0.0000,0.0000,+0.0000,+0.0000,+0.0000,+1107.5264,no_bet,,
2026-06-25T03:00:00+00:00,KXBTC15M-26JUN242315-15,no,0,1,1,0.0000,13.0148,13.0148,+0.0000,+19.7483,+19.7483,+1127.2747,net_win,10,no
2026-06-27T16:00:00+00:00,KXBTC15M-26JUN271215-15,no,0,1,1,0.0000,28.6389,28.6389,+0.0000,+7.9557,+7.9557,+1135.2303,net_win,10,no
2026-06-28T08:15:00+00:00,KXBTC15M-26JUN280430-30,yes,0,0,0,0.0000,0.0000,0.0000,+0.0000,+0.0000,+0.0000,+1135.2303,no_bet,,
2026-06-28T09:15:00+00:00,KXBTC15M-26JUN280530-30,no,0,0,0,0.0000,0.0000,0.0000,+0.0000,+0.0000,+0.0000,+1135.2303,no_bet,,
2026-06-28T10:15:00+00:00,KXBTC15M-26JUN280630-30,no,0,0,0,0.0000,0.0000,0.0000,+0.0000,+0.0000,+0.0000,+1135.2303,no_bet,,
2026-06-28T11:15:00+00:00,KXBTC15M-26JUN280730-30,yes,0,0,0,0.0000,0.0000,0.0000,+0.0000,+0.0000,+0.0000,+1135.2303,no_bet,,
2026-06-28T12:15:00+00:00,KXBTC15M-26JUN280830-30,yes,0,0,0,0.0000,0.0000,0.0000,+0.0000,+0.0000,+0.0000,+1135.2303,no_bet,,
2026-06-28T13:15:00+00:00,KXBTC15M-26JUN280930-30,yes,2,0,2,8.7100,0.0000,8.7100,+5.4601,+0.0000,+5.4601,+1140.6905,net_win,11,yes
2026-06-29T03:30:00+00:00,KXBTC15M-26JUN282345-45,no,0,0,0,0.0000,0.0000,0.0000,+0.0000,+0.0000,+0.0000,+1140.6905,no_bet,,
2026-06-29T03:45:00+00:00,KXBTC15M-26JUN290145-45,yes,1,0,1,43.3626,0.0000,43.3626,+45.4754,+0.0000,+45.4754,+1186.1659,net_win,10,yes
