window_ts,ticker,winner,p_yes_nn,direction,side,fair,fill,mispricing,stake,contracts,pnl,cum_pnl,outcome
2026-05-18T08:45:00+00:00,KXBTC15M-26MAY180500-00,yes,0.8056,up,skip,0.8056,0.9000,-0.0944,0.0000,0.0000,+0.0000,+0.0000,no_bet
2026-05-18T09:00:00+00:00,KXBTC15M-26MAY180515-15,no,0.0130,down,skip,0.9870,0.9700,+0.0170,0.0000,0.0000,+0.0000,+0.0000,no_bet
2026-05-18T09:15:00+00:00,KXBTC15M-26MAY180530-30,yes,0.9195,up,skip,0.9195,0.9600,-0.0405,0.0000,0.0000,+0.0000,+0.0000,no_bet
2026-05-18T09:30:00+00:00,KXBTC15M-26MAY180545-45,no,0.5767,up,skip,0.5767,0.7600,-0.1833,0.0000,0.0000,+0.0000,+0.0000,no_bet
2026-05-18T09:45:00+00:00,KXBTC15M-26MAY180600-00,no,0.1045,down,no,0.8955,0.8200,+0.0755,5.4272,6.6186,+1.1080,+1.1080,net_win
2026-05-18T12:15:00+00:00,KXBTC15M-26MAY180830-30,no,0.9497,up,skip,0.9497,0.9700,-0.0203,0.0000,0.0000,+0.0000,+1.1080,no_bet
2026-05-18T12:30:00+00:00,KXBTC15M-26MAY180845-45,yes,0.9863,up,skip,0.9863,0.9700,+0.0163,0.0000,0.0000,+0.0000,+1.1080,no_bet
2026-05-18T21:15:00+00:00,KXBTC15M-26MAY181730-30,yes,0.9222,up,skip,0.9222,0.8800,+0.0422,0.0000,0.0000,+0.0000,+1.1080,no_bet
2026-05-18T21:30:00+00:00,KXBTC15M-26MAY181745-45,no,0.3429,down,no,0.6571,0.5600,+0.0971,7.8223,13.9684,+5.7159,+6.8238,net_win
2026-05-18T21:45:00+00:00,KXBTC15M-26MAY181800-00,yes,0.7007,up,skip,0.7007,0.8000,-0.0993,0.0000,0.0000,+0.0000,+6.8238,no_bet
2026-05-18T22:00:00+00:00,KXBTC15M-26MAY181815-15,yes,0.6349,up,skip,0.6349,0.7700,-0.1351,0.0000,0.0000,+0.0000,+6.8238,no_bet
2026-05-18T22:15:00+00:00,KXBTC15M-26MAY181830-30,yes,0.7751,up,skip,0.7751,0.8400,-0.0649,0.0000,0.0000,+0.0000,+6.8238,no_bet
2026-05-18T22:30:00+00:00,KXBTC15M-26MAY181845-45,no,0.1026,down,no,0.8974,0.5200,+0.3774,13.2227,25.4283,+11.3512,+18.1750,net_win
2026-05-18T22:45:00+00:00,KXBTC15M-26MAY181900-00,yes,0.0912,down,no,0.9088,0.8100,+0.0988,7.2242,8.9188,-7.2242,+10.9508,net_loss
2026-05-18T23:00:00+00:00,KXBTC15M-26MAY181915-15,yes,0.8981,up,skip,0.8981,0.9640,-0.0659,0.0000,0.0000,+0.0000,+10.9508,no_bet
2026-05-18T23:15:00+00:00,KXBTC15M-26MAY181930-30,no,0.0508,down,no,0.9492,0.8900,+0.0592,7.2027,8.0929,+0.8279,+11.7787,net_win
2026-05-18T23:30:00+00:00,KXBTC15M-26MAY181945-45,yes,0.4885,up,skip,0.4885,0.4600,+0.0285,0.0000,0.0000,+0.0000,+11.7787,no_bet
2026-05-18T23:45:00+00:00,KXBTC15M-26MAY182000-00,no,0.0219,down,skip,0.9781,0.9700,+0.0081,0.0000,0.0000,+0.0000,+11.7787,no_bet
2026-05-19T00:00:00+00:00,KXBTC15M-26MAY182015-15,yes,0.9734,up,yes,0.9734,0.9200,+0.0534,14.9127,16.2094,+1.2060,+12.9847,net_win
2026-05-19T00:15:00+00:00,KXBTC15M-26MAY182030-30,yes,0.9711,up,skip,0.9711,0.9700,+0.0011,0.0000,0.0000,+0.0000,+12.9847,no_bet
2026-05-19T00:30:00+00:00,KXBTC15M-26MAY182045-45,no,0.0244,down,no,0.9756,0.7800,+0.1956,24.2324,31.0671,+6.3563,+19.3410,net_win
2026-05-19T00:45:00+00:00,KXBTC15M-26MAY182100-00,no,0.6596,up,skip,0.6596,0.7400,-0.0804,0.0000,0.0000,+0.0000,+19.3410,no_bet
2026-05-19T01:00:00+00:00,KXBTC15M-26MAY182115-15,no,0.2373,up,skip,0.2373,0.3000,-0.0627,0.0000,0.0000,+0.0000,+19.3410,no_bet
2026-05-19T01:30:00+00:00,KXBTC15M-26MAY182145-45,yes,0.5991,up,skip,0.5991,0.7100,-0.1109,0.0000,0.0000,+0.0000,+19.3410,no_bet
2026-05-19T01:45:00+00:00,KXBTC15M-26MAY182200-00,no,0.0120,down,skip,0.9880,0.9700,+0.0180,0.0000,0.0000,+0.0000,+19.3410,no_bet
2026-05-19T02:00:00+00:00,KXBTC15M-26MAY182215-15,yes,0.1605,up,skip,0.1605,0.1700,-0.0095,0.0000,0.0000,+0.0000,+19.3410,no_bet
2026-05-19T02:30:00+00:00,KXBTC15M-26MAY182245-45,no,0.0581,up,skip,0.0581,0.1350,-0.0769,0.0000,0.0000,+0.0000,+19.3410,no_bet
2026-05-19T02:45:00+00:00,KXBTC15M-26MAY182300-00,no,0.0171,down,skip,0.9829,0.9700,+0.0129,0.0000,0.0000,+0.0000,+19.3410,no_bet
2026-05-19T03:00:00+00:00,KXBTC15M-26MAY182315-15,yes,0.8514,up,skip,0.8514,0.9630,-0.1116,0.0000,0.0000,+0.0000,+19.3410,no_bet
2026-05-19T03:15:00+00:00,KXBTC15M-26MAY182330-30,no,0.1015,down,no,0.8985,0.8400,+0.0585,8.1365,9.6863,+1.4413,+20.7823,net_win
2026-05-19T03:30:00+00:00,KXBTC15M-26MAY182345-45,yes,0.8836,up,skip,0.8836,0.9530,-0.0694,0.0000,0.0000,+0.0000,+20.7823,no_bet
2026-05-19T03:45:00+00:00,KXBTC15M-26MAY190000-00,no,0.0315,down,no,0.9685,0.7800,+0.1885,11.9430,15.3115,+3.1327,+23.9151,net_win
2026-05-19T04:00:00+00:00,KXBTC15M-26MAY190015-15,yes,0.9820,up,skip,0.9820,0.9590,+0.0230,0.0000,0.0000,+0.0000,+23.9151,no_bet
2026-05-19T04:15:00+00:00,KXBTC15M-26MAY190030-30,no,0.0127,down,skip,0.9873,0.9700,+0.0173,0.0000,0.0000,+0.0000,+23.9151,no_bet
2026-05-19T04:30:00+00:00,KXBTC15M-26MAY190045-45,yes,0.9877,up,skip,0.9877,0.9700,+0.0177,0.0000,0.0000,+0.0000,+23.9151,no_bet
2026-05-19T04:45:00+00:00,KXBTC15M-26MAY190100-00,yes,0.8364,up,skip,0.8364,0.8900,-0.0536,0.0000,0.0000,+0.0000,+23.9151,no_bet
2026-05-19T05:15:00+00:00,KXBTC15M-26MAY190130-30,no,0.0216,down,skip,0.9784,0.9700,+0.0084,0.0000,0.0000,+0.0000,+23.9151,no_bet
2026-05-19T05:30:00+00:00,KXBTC15M-26MAY190145-45,yes,0.9835,up,skip,0.9835,0.9700,+0.0135,0.0000,0.0000,+0.0000,+23.9151,no_bet
2026-05-19T05:45:00+00:00,KXBTC15M-26MAY190200-00,no,0.2082,up,skip,0.2082,0.4600,-0.2518,0.0000,0.0000,+0.0000,+23.9151,no_bet
2026-05-19T06:00:00+00:00,KXBTC15M-26MAY190215-15,yes,0.8916,up,skip,0.8916,0.9300,-0.0384,0.0000,0.0000,+0.0000,+23.9151,no_bet
2026-05-19T06:15:00+00:00,KXBTC15M-26MAY190230-30,yes,0.2390,down,skip,0.7610,0.8300,-0.0690,0.0000,0.0000,+0.0000,+23.9151,no_bet
2026-05-19T06:30:00+00:00,KXBTC15M-26MAY190245-45,yes,0.7414,up,skip,0.7414,0.8300,-0.0886,0.0000,0.0000,+0.0000,+23.9151,no_bet
2026-05-19T07:00:00+00:00,KXBTC15M-26MAY190315-15,yes,0.6816,up,skip,0.6816,0.8500,-0.1684,0.0000,0.0000,+0.0000,+23.9151,no_bet
2026-05-19T07:15:00+00:00,KXBTC15M-26MAY190330-30,yes,0.3474,down,no,0.6526,0.4600,+0.1926,12.2505,26.6316,-12.2505,+11.6645,net_loss
2026-05-19T07:30:00+00:00,KXBTC15M-26MAY190345-45,yes,0.8925,up,skip,0.8925,0.9640,-0.0715,0.0000,0.0000,+0.0000,+11.6645,no_bet
2026-05-19T07:45:00+00:00,KXBTC15M-26MAY190400-00,no,0.1443,down,skip,0.8557,0.8900,-0.0343,0.0000,0.0000,+0.0000,+11.6645,no_bet
2026-05-19T08:00:00+00:00,KXBTC15M-26MAY190415-15,no,0.0185,down,skip,0.9815,0.9700,+0.0115,0.0000,0.0000,+0.0000,+11.6645,no_bet
2026-05-19T08:15:00+00:00,KXBTC15M-26MAY190430-30,no,0.0315,down,no,0.9685,0.7700,+0.1985,24.4077,31.6982,+6.7803,+18.4448,net_win
2026-05-19T08:30:00+00:00,KXBTC15M-26MAY190445-45,yes,0.9695,up,skip,0.9695,0.9610,+0.0085,0.0000,0.0000,+0.0000,+18.4448,no_bet
2026-05-19T08:45:00+00:00,KXBTC15M-26MAY190500-00,no,0.0194,down,skip,0.9806,0.9500,+0.0306,0.0000,0.0000,+0.0000,+18.4448,no_bet
2026-05-19T09:15:00+00:00,KXBTC15M-26MAY190530-30,no,0.0109,down,skip,0.9891,0.9700,+0.0191,0.0000,0.0000,+0.0000,+18.4448,no_bet
2026-05-19T09:30:00+00:00,KXBTC15M-26MAY190545-45,yes,0.5311,down,no,0.4689,0.3000,+0.1689,13.0415,43.4717,-13.0415,+5.4033,net_loss
2026-05-19T09:45:00+00:00,KXBTC15M-26MAY190600-00,yes,0.6547,up,skip,0.6547,0.7200,-0.0653,0.0000,0.0000,+0.0000,+5.4033,no_bet
2026-05-19T10:00:00+00:00,KXBTC15M-26MAY190615-15,no,0.2580,down,no,0.7420,0.6800,+0.0620,6.0919,8.9587,+2.6661,+8.0694,net_win
2026-05-19T10:15:00+00:00,KXBTC15M-26MAY190630-30,yes,0.2771,up,skip,0.2771,0.3300,-0.0529,0.0000,0.0000,+0.0000,+8.0694,no_bet
2026-05-19T10:45:00+00:00,KXBTC15M-26MAY190700-00,yes,0.9875,up,skip,0.9875,0.9700,+0.0175,0.0000,0.0000,+0.0000,+8.0694,no_bet
2026-05-19T11:00:00+00:00,KXBTC15M-26MAY190715-15,no,0.2164,down,no,0.7836,0.5000,+0.2836,10.0180,20.0360,+9.3168,+17.3862,net_win
2026-05-19T11:15:00+00:00,KXBTC15M-26MAY190730-30,no,0.0227,down,skip,0.9773,0.9700,+0.0073,0.0000,0.0000,+0.0000,+17.3862,no_bet
2026-05-19T11:30:00+00:00,KXBTC15M-26MAY190745-45,no,0.0154,down,skip,0.9846,0.9700,+0.0146,0.0000,0.0000,+0.0000,+17.3862,no_bet
2026-05-19T11:45:00+00:00,KXBTC15M-26MAY190800-00,yes,0.8704,up,skip,0.8704,0.9480,-0.0776,0.0000,0.0000,+0.0000,+17.3862,no_bet
2026-05-19T12:00:00+00:00,KXBTC15M-26MAY190815-15,yes,0.8890,up,skip,0.8890,0.8600,+0.0290,0.0000,0.0000,+0.0000,+17.3862,no_bet
2026-05-19T12:15:00+00:00,KXBTC15M-26MAY190830-30,yes,0.8354,up,skip,0.8354,0.9420,-0.1066,0.0000,0.0000,+0.0000,+17.3862,no_bet
2026-05-19T12:30:00+00:00,KXBTC15M-26MAY190845-45,yes,0.8796,up,skip,0.8796,0.9000,-0.0204,0.0000,0.0000,+0.0000,+17.3862,no_bet
2026-05-19T12:45:00+00:00,KXBTC15M-26MAY190900-00,yes,0.9317,up,skip,0.9317,0.9520,-0.0203,0.0000,0.0000,+0.0000,+17.3862,no_bet
2026-05-19T13:00:00+00:00,KXBTC15M-26MAY190915-15,no,0.0326,down,skip,0.9674,0.9700,-0.0026,0.0000,0.0000,+0.0000,+17.3862,no_bet
2026-05-19T13:15:00+00:00,KXBTC15M-26MAY190930-30,no,0.0134,down,no,0.9866,0.8900,+0.0966,30.9317,34.7547,+3.5554,+20.9416,net_win
2026-05-19T13:30:00+00:00,KXBTC15M-26MAY190945-45,yes,0.8323,up,skip,0.8323,0.9700,-0.1377,0.0000,0.0000,+0.0000,+20.9416,no_bet
2026-05-19T13:45:00+00:00,KXBTC15M-26MAY191000-00,yes,0.9828,up,skip,0.9828,0.9700,+0.0128,0.0000,0.0000,+0.0000,+20.9416,no_bet
2026-05-19T14:00:00+00:00,KXBTC15M-26MAY191015-15,no,0.1625,down,skip,0.8375,0.9460,-0.1085,0.0000,0.0000,+0.0000,+20.9416,no_bet
2026-05-19T14:15:00+00:00,KXBTC15M-26MAY191030-30,no,0.0145,down,skip,0.9855,0.9700,+0.0155,0.0000,0.0000,+0.0000,+20.9416,no_bet
2026-05-19T14:30:00+00:00,KXBTC15M-26MAY191045-45,yes,0.4597,up,skip,0.4597,0.5900,-0.1303,0.0000,0.0000,+0.0000,+20.9416,no_bet
2026-05-19T14:45:00+00:00,KXBTC15M-26MAY191100-00,no,0.0293,down,skip,0.9707,0.9700,+0.0007,0.0000,0.0000,+0.0000,+20.9416,no_bet
2026-05-19T15:00:00+00:00,KXBTC15M-26MAY191115-15,yes,0.9750,up,skip,0.9750,0.9700,+0.0050,0.0000,0.0000,+0.0000,+20.9416,no_bet
2026-05-19T15:15:00+00:00,KXBTC15M-26MAY191130-30,no,0.0183,down,skip,0.9817,0.9700,+0.0117,0.0000,0.0000,+0.0000,+20.9416,no_bet
2026-05-19T15:30:00+00:00,KXBTC15M-26MAY191145-45,yes,0.9512,up,skip,0.9512,0.9700,-0.0188,0.0000,0.0000,+0.0000,+20.9416,no_bet
2026-05-19T15:45:00+00:00,KXBTC15M-26MAY191200-00,yes,0.4427,up,skip,0.4427,0.6700,-0.2273,0.0000,0.0000,+0.0000,+20.9416,no_bet
2026-05-19T16:00:00+00:00,KXBTC15M-26MAY191215-15,no,0.3144,down,skip,0.6856,0.9000,-0.2144,0.0000,0.0000,+0.0000,+20.9416,no_bet
2026-05-19T16:15:00+00:00,KXBTC15M-26MAY191230-30,yes,0.9808,up,skip,0.9808,0.9700,+0.0108,0.0000,0.0000,+0.0000,+20.9416,no_bet
2026-05-19T16:30:00+00:00,KXBTC15M-26MAY191245-45,yes,0.9817,up,skip,0.9817,0.9650,+0.0167,0.0000,0.0000,+0.0000,+20.9416,no_bet
2026-05-19T16:45:00+00:00,KXBTC15M-26MAY191300-00,yes,0.9704,up,skip,0.9704,0.9700,+0.0004,0.0000,0.0000,+0.0000,+20.9416,no_bet
2026-05-19T17:15:00+00:00,KXBTC15M-26MAY191330-30,no,0.5584,down,no,0.4416,0.3600,+0.0816,5.8194,16.1649,+9.6214,+30.5629,net_win
2026-05-20T01:30:00+00:00,KXBTC15M-26MAY192145-45,no,0.4476,down,no,0.5524,0.3900,+0.1624,7.8729,20.1869,+11.4520,+42.0150,net_win
2026-05-20T02:00:00+00:00,KXBTC15M-26MAY192215-15,no,0.2721,down,skip,0.7279,0.6900,+0.0379,0.0000,0.0000,+0.0000,+42.0150,no_bet
2026-05-20T02:15:00+00:00,KXBTC15M-26MAY192230-30,no,0.8287,up,skip,0.8287,0.9700,-0.1413,0.0000,0.0000,+0.0000,+42.0150,no_bet
2026-05-20T02:30:00+00:00,KXBTC15M-26MAY192245-45,no,0.0202,down,skip,0.9798,0.9700,+0.0098,0.0000,0.0000,+0.0000,+42.0150,no_bet
2026-05-20T04:45:00+00:00,KXBTC15M-26MAY200100-00,yes,0.8286,down,skip,0.1714,0.2300,-0.0586,0.0000,0.0000,+0.0000,+42.0150,no_bet
2026-05-20T05:15:00+00:00,KXBTC15M-26MAY200130-30,no,0.0221,down,skip,0.9779,0.9520,+0.0259,0.0000,0.0000,+0.0000,+42.0150,no_bet
2026-05-20T05:45:00+00:00,KXBTC15M-26MAY200200-00,yes,0.4923,up,skip,0.4923,0.6500,-0.1577,0.0000,0.0000,+0.0000,+42.0150,no_bet
2026-05-20T09:15:00+00:00,KXBTC15M-26MAY200530-30,yes,0.3568,up,skip,0.3568,0.4500,-0.0932,0.0000,0.0000,+0.0000,+42.0150,no_bet
2026-05-20T09:30:00+00:00,KXBTC15M-26MAY200545-45,yes,0.9288,up,skip,0.9288,0.9420,-0.0132,0.0000,0.0000,+0.0000,+42.0150,no_bet
2026-05-20T09:45:00+00:00,KXBTC15M-26MAY200600-00,no,0.1054,up,skip,0.1054,0.2100,-0.1046,0.0000,0.0000,+0.0000,+42.0150,no_bet
2026-05-20T10:00:00+00:00,KXBTC15M-26MAY200615-15,yes,0.9069,up,skip,0.9069,0.9700,-0.0631,0.0000,0.0000,+0.0000,+42.0150,no_bet
2026-05-20T10:15:00+00:00,KXBTC15M-26MAY200630-30,no,0.6649,up,skip,0.6649,0.7500,-0.0851,0.0000,0.0000,+0.0000,+42.0150,no_bet
2026-05-20T10:30:00+00:00,KXBTC15M-26MAY200645-45,no,0.1044,down,no,0.8956,0.7000,+0.1956,16.2288,23.1840,+6.4683,+48.4833,net_win
2026-05-20T10:45:00+00:00,KXBTC15M-26MAY200700-00,no,0.2405,down,no,0.7595,0.4300,+0.3295,8.8010,20.4674,+10.8498,+59.3331,net_win
2026-05-20T11:00:00+00:00,KXBTC15M-26MAY200715-15,no,0.5818,up,yes,0.5818,0.5200,+0.0618,5.4077,10.3995,-5.4077,+53.9254,net_loss
2026-05-20T11:15:00+00:00,KXBTC15M-26MAY200730-30,no,0.2589,down,no,0.7411,0.6700,+0.0711,4.9615,7.4052,+2.2727,+56.1980,net_win
2026-05-20T11:30:00+00:00,KXBTC15M-26MAY200745-45,no,0.0249,down,no,0.9751,0.9000,+0.0751,17.6718,19.6353,+1.8261,+58.0241,net_win
2026-05-20T11:45:00+00:00,KXBTC15M-26MAY200800-00,yes,0.4572,down,no,0.5428,0.4800,+0.0628,5.1646,10.7596,-5.1646,+52.8595,net_loss
2026-05-20T12:00:00+00:00,KXBTC15M-26MAY200815-15,yes,0.8846,up,skip,0.8846,0.9300,-0.0454,0.0000,0.0000,+0.0000,+52.8595,no_bet
2026-05-20T12:15:00+00:00,KXBTC15M-26MAY200830-30,yes,0.6636,up,yes,0.6636,0.3800,+0.2836,12.5055,32.9092,+18.9754,+71.8349,net_win
2026-05-20T12:30:00+00:00,KXBTC15M-26MAY200845-45,yes,0.6781,down,no,0.3219,0.2100,+0.1119,5.4235,25.8261,-5.4235,+66.4115,net_loss
2026-05-20T12:45:00+00:00,KXBTC15M-26MAY200900-00,yes,0.9708,up,skip,0.9708,0.9700,+0.0008,0.0000,0.0000,+0.0000,+66.4115,no_bet
2026-05-20T13:00:00+00:00,KXBTC15M-26MAY200915-15,no,0.0181,down,skip,0.9819,0.9700,+0.0119,0.0000,0.0000,+0.0000,+66.4115,no_bet
2026-05-20T13:15:00+00:00,KXBTC15M-26MAY200930-30,no,0.0750,down,no,0.9250,0.5700,+0.3550,18.0913,31.7392,+12.6925,+79.1040,net_win
2026-05-20T13:30:00+00:00,KXBTC15M-26MAY200945-45,no,0.0164,down,skip,0.9836,0.9700,+0.0136,0.0000,0.0000,+0.0000,+79.1040,no_bet
2026-05-20T13:45:00+00:00,KXBTC15M-26MAY201000-00,yes,0.4554,down,no,0.5446,0.1400,+0.4046,24.3068,173.6197,-24.3068,+54.7972,net_loss
2026-05-20T14:00:00+00:00,KXBTC15M-26MAY201015-15,no,0.0418,down,no,0.9582,0.6600,+0.2982,39.3709,59.6529,+18.8622,+73.6594,net_win
2026-05-20T14:15:00+00:00,KXBTC15M-26MAY201030-30,yes,0.9818,up,skip,0.9818,0.9700,+0.0118,0.0000,0.0000,+0.0000,+73.6594,no_bet
2026-05-20T14:30:00+00:00,KXBTC15M-26MAY201045-45,no,0.2030,down,skip,0.7970,0.9300,-0.1330,0.0000,0.0000,+0.0000,+73.6594,no_bet
2026-05-20T14:45:00+00:00,KXBTC15M-26MAY201100-00,yes,0.9786,up,skip,0.9786,0.9700,+0.0086,0.0000,0.0000,+0.0000,+73.6594,no_bet
2026-05-20T15:00:00+00:00,KXBTC15M-26MAY201115-15,no,0.0177,down,skip,0.9823,0.9700,+0.0123,0.0000,0.0000,+0.0000,+73.6594,no_bet
2026-05-20T15:30:00+00:00,KXBTC15M-26MAY201145-45,no,0.0183,down,no,0.9817,0.8700,+0.1117,33.3836,38.3719,+4.6392,+78.2986,net_win
2026-05-20T15:45:00+00:00,KXBTC15M-26MAY201200-00,yes,0.9268,down,skip,0.0732,0.2400,-0.1668,0.0000,0.0000,+0.0000,+78.2986,no_bet
2026-05-20T16:00:00+00:00,KXBTC15M-26MAY201215-15,yes,0.9707,up,skip,0.9707,0.9410,+0.0297,0.0000,0.0000,+0.0000,+78.2986,no_bet
2026-05-20T16:30:00+00:00,KXBTC15M-26MAY201245-45,yes,0.9784,up,skip,0.9784,0.9700,+0.0084,0.0000,0.0000,+0.0000,+78.2986,no_bet
2026-05-20T16:45:00+00:00,KXBTC15M-26MAY201300-00,no,0.1178,down,skip,0.8822,0.9100,-0.0278,0.0000,0.0000,+0.0000,+78.2986,no_bet
2026-05-20T17:00:00+00:00,KXBTC15M-26MAY201315-15,yes,0.5036,up,skip,0.5036,0.4700,+0.0336,0.0000,0.0000,+0.0000,+78.2986,no_bet
2026-05-20T17:15:00+00:00,KXBTC15M-26MAY201330-30,yes,0.9502,up,skip,0.9502,0.9700,-0.0198,0.0000,0.0000,+0.0000,+78.2986,no_bet
2026-05-20T17:30:00+00:00,KXBTC15M-26MAY201345-45,yes,0.4321,down,no,0.5679,0.3400,+0.2279,6.3583,18.7008,-6.3583,+71.9403,net_loss
2026-05-20T17:45:00+00:00,KXBTC15M-26MAY201400-00,no,0.0208,down,skip,0.9792,0.9700,+0.0092,0.0000,0.0000,+0.0000,+71.9403,no_bet
2026-05-20T18:00:00+00:00,KXBTC15M-26MAY201415-15,no,0.0814,down,skip,0.9186,0.8800,+0.0386,0.0000,0.0000,+0.0000,+71.9403,no_bet
2026-05-20T18:15:00+00:00,KXBTC15M-26MAY201430-30,yes,0.2731,down,no,0.7269,0.3500,+0.3769,13.3454,38.1297,-13.3454,+58.5949,net_loss
2026-05-20T18:30:00+00:00,KXBTC15M-26MAY201445-45,no,0.6438,up,skip,0.6438,0.7500,-0.1062,0.0000,0.0000,+0.0000,+58.5949,no_bet
2026-05-20T18:45:00+00:00,KXBTC15M-26MAY201500-00,no,0.0479,up,skip,0.0479,0.0770,-0.0291,0.0000,0.0000,+0.0000,+58.5949,no_bet
2026-05-20T19:00:00+00:00,KXBTC15M-26MAY201515-15,yes,0.4534,down,skip,0.5466,0.5200,+0.0266,0.0000,0.0000,+0.0000,+58.5949,no_bet
2026-05-20T19:15:00+00:00,KXBTC15M-26MAY201530-30,yes,0.9797,up,skip,0.9797,0.9700,+0.0097,0.0000,0.0000,+0.0000,+58.5949,no_bet
2026-05-20T19:30:00+00:00,KXBTC15M-26MAY201545-45,yes,0.9435,up,yes,0.9435,0.8500,+0.0935,8.0780,9.5036,+1.3257,+59.9207,net_win
2026-05-20T19:45:00+00:00,KXBTC15M-26MAY201600-00,yes,0.8579,up,skip,0.8579,0.9000,-0.0421,0.0000,0.0000,+0.0000,+59.9207,no_bet
2026-05-20T20:00:00+00:00,KXBTC15M-26MAY201615-15,yes,0.3579,up,yes,0.3579,0.2700,+0.0879,14.5857,54.0211,+36.6749,+96.5956,net_win
2026-05-20T20:15:00+00:00,KXBTC15M-26MAY201630-30,no,0.0151,down,skip,0.9849,0.9670,+0.0179,0.0000,0.0000,+0.0000,+96.5956,no_bet
2026-05-20T21:00:00+00:00,KXBTC15M-26MAY201715-15,yes,0.5779,up,skip,0.5779,0.6600,-0.0821,0.0000,0.0000,+0.0000,+96.5956,no_bet
2026-05-20T21:15:00+00:00,KXBTC15M-26MAY201730-30,no,0.0175,down,skip,0.9825,0.9700,+0.0125,0.0000,0.0000,+0.0000,+96.5956,no_bet
2026-05-20T21:30:00+00:00,KXBTC15M-26MAY201745-45,no,0.7172,up,yes,0.7172,0.5000,+0.2172,13.9791,27.9583,-13.9791,+82.6165,net_loss
2026-05-20T21:45:00+00:00,KXBTC15M-26MAY201800-00,no,0.1093,down,skip,0.8907,0.8800,+0.0107,0.0000,0.0000,+0.0000,+82.6165,no_bet
2026-05-20T22:00:00+00:00,KXBTC15M-26MAY201815-15,no,0.0124,down,skip,0.9876,0.9700,+0.0176,0.0000,0.0000,+0.0000,+82.6165,no_bet
2026-05-20T22:15:00+00:00,KXBTC15M-26MAY201830-30,yes,0.1753,down,no,0.8247,0.6400,+0.1847,9.2074,14.3865,-9.2074,+73.4092,net_loss
2026-05-20T22:30:00+00:00,KXBTC15M-26MAY201845-45,yes,0.0569,down,no,0.9431,0.8400,+0.1031,23.4139,27.8737,-23.4139,+49.9952,net_loss
2026-05-20T22:45:00+00:00,KXBTC15M-26MAY201900-00,yes,0.8321,down,skip,0.1679,0.3600,-0.1921,0.0000,0.0000,+0.0000,+49.9952,no_bet
2026-05-20T23:00:00+00:00,KXBTC15M-26MAY201915-15,no,0.0200,down,no,0.9800,0.9200,+0.0600,9.9680,10.8347,+0.8061,+50.8013,net_win
2026-05-20T23:15:00+00:00,KXBTC15M-26MAY201930-30,no,0.1302,up,skip,0.1302,0.1800,-0.0498,0.0000,0.0000,+0.0000,+50.8013,no_bet
2026-05-20T23:30:00+00:00,KXBTC15M-26MAY201945-45,yes,0.9307,up,skip,0.9307,0.9570,-0.0263,0.0000,0.0000,+0.0000,+50.8013,no_bet
2026-05-20T23:45:00+00:00,KXBTC15M-26MAY202000-00,yes,0.9618,up,skip,0.9618,0.9700,-0.0082,0.0000,0.0000,+0.0000,+50.8013,no_bet
2026-05-21T00:00:00+00:00,KXBTC15M-26MAY202015-15,yes,0.9732,up,skip,0.9732,0.9700,+0.0032,0.0000,0.0000,+0.0000,+50.8013,no_bet
2026-05-21T00:15:00+00:00,KXBTC15M-26MAY202030-30,yes,0.6408,up,skip,0.6408,0.6600,-0.0192,0.0000,0.0000,+0.0000,+50.8013,no_bet
2026-05-21T01:00:00+00:00,KXBTC15M-26MAY202115-15,yes,0.9219,up,yes,0.9219,0.7500,+0.1719,11.8011,15.7348,+3.6583,+54.4596,net_win
2026-05-21T01:30:00+00:00,KXBTC15M-26MAY202145-45,yes,0.1365,up,skip,0.1365,0.2400,-0.1035,0.0000,0.0000,+0.0000,+54.4596,no_bet
2026-05-21T01:45:00+00:00,KXBTC15M-26MAY202200-00,no,0.1564,down,skip,0.8436,0.9300,-0.0864,0.0000,0.0000,+0.0000,+54.4596,no_bet
2026-05-21T02:00:00+00:00,KXBTC15M-26MAY202215-15,yes,0.4017,up,skip,0.4017,0.3600,+0.0417,0.0000,0.0000,+0.0000,+54.4596,no_bet
2026-05-21T02:15:00+00:00,KXBTC15M-26MAY202230-30,yes,0.9836,up,skip,0.9836,0.9700,+0.0136,0.0000,0.0000,+0.0000,+54.4596,no_bet
2026-05-21T02:30:00+00:00,KXBTC15M-26MAY202245-45,no,0.2793,down,no,0.7207,0.5400,+0.1807,4.7828,8.8570,+3.7890,+58.2487,net_win
2026-05-21T02:45:00+00:00,KXBTC15M-26MAY202300-00,no,0.1924,down,skip,0.8076,0.8600,-0.0524,0.0000,0.0000,+0.0000,+58.2487,no_bet
2026-05-21T03:00:00+00:00,KXBTC15M-26MAY202315-15,no,0.3214,down,no,0.6786,0.5100,+0.1686,7.3233,14.3594,+6.5436,+64.7922,net_win
2026-05-21T03:15:00+00:00,KXBTC15M-26MAY202330-30,yes,0.9144,up,skip,0.9144,0.9540,-0.0396,0.0000,0.0000,+0.0000,+64.7922,no_bet
2026-05-21T03:30:00+00:00,KXBTC15M-26MAY202345-45,no,0.0412,down,no,0.9588,0.8400,+0.1188,10.1640,12.1000,+1.8005,+66.5927,net_win
2026-05-23T01:30:00+00:00,KXBTC15M-26MAY222145-45,no,0.5921,down,skip,0.4079,0.4000,+0.0079,0.0000,0.0000,+0.0000,+66.5927,no_bet
2026-05-23T01:45:00+00:00,KXBTC15M-26MAY222200-00,yes,0.8214,up,skip,0.8214,0.9100,-0.0886,0.0000,0.0000,+0.0000,+66.5927,no_bet
2026-05-23T02:00:00+00:00,KXBTC15M-26MAY222215-15,yes,0.1588,down,no,0.8412,0.6100,+0.2312,11.1993,18.3595,-11.1993,+55.3934,net_loss
2026-05-24T02:45:00+00:00,KXBTC15M-26MAY232300-00,yes,0.7789,up,skip,0.7789,0.7400,+0.0389,0.0000,0.0000,+0.0000,+55.3934,no_bet
2026-05-25T19:45:00+00:00,KXBTC15M-26MAY251600-00,yes,0.7662,up,yes,0.7662,0.5500,+0.2162,4.9667,9.0304,+3.7792,+59.1727,net_win
2026-05-25T20:00:00+00:00,KXBTC15M-26MAY251615-15,yes,0.5981,up,skip,0.5981,0.6900,-0.0919,0.0000,0.0000,+0.0000,+59.1727,no_bet
2026-05-25T20:15:00+00:00,KXBTC15M-26MAY251630-30,no,0.8618,up,yes,0.8618,0.7900,+0.0718,5.4272,6.8698,-5.4272,+53.7455,net_loss
2026-05-25T20:30:00+00:00,KXBTC15M-26MAY251645-45,no,0.0179,down,skip,0.9821,0.9700,+0.0121,0.0000,0.0000,+0.0000,+53.7455,no_bet
2026-05-25T20:45:00+00:00,KXBTC15M-26MAY251700-00,yes,0.9650,up,yes,0.9650,0.8900,+0.0750,9.2506,10.3939,+1.0633,+54.8088,net_win
2026-05-25T21:00:00+00:00,KXBTC15M-26MAY251715-15,yes,0.9354,up,skip,0.9354,0.9590,-0.0236,0.0000,0.0000,+0.0000,+54.8088,no_bet
2026-05-25T21:15:00+00:00,KXBTC15M-26MAY251730-30,no,0.0460,down,skip,0.9540,0.9700,-0.0160,0.0000,0.0000,+0.0000,+54.8088,no_bet
2026-05-25T21:30:00+00:00,KXBTC15M-26MAY251745-45,no,0.1598,down,skip,0.8402,0.8500,-0.0098,0.0000,0.0000,+0.0000,+54.8088,no_bet
2026-05-25T21:45:00+00:00,KXBTC15M-26MAY251800-00,yes,0.8661,up,skip,0.8661,0.9420,-0.0759,0.0000,0.0000,+0.0000,+54.8088,no_bet
2026-05-27T02:15:00+00:00,KXBTC15M-26MAY262230-30,no,0.0265,down,skip,0.9735,0.9300,+0.0435,0.0000,0.0000,+0.0000,+54.8088,no_bet
2026-05-27T02:30:00+00:00,KXBTC15M-26MAY262245-45,no,0.0878,down,skip,0.9122,0.9650,-0.0528,0.0000,0.0000,+0.0000,+54.8088,no_bet
2026-05-27T02:45:00+00:00,KXBTC15M-26MAY262300-00,yes,0.9629,up,skip,0.9629,0.9700,-0.0071,0.0000,0.0000,+0.0000,+54.8088,no_bet
2026-05-27T03:00:00+00:00,KXBTC15M-26MAY262315-15,yes,0.9471,up,skip,0.9471,0.9700,-0.0229,0.0000,0.0000,+0.0000,+54.8088,no_bet
2026-05-27T03:15:00+00:00,KXBTC15M-26MAY262330-30,no,0.0336,down,skip,0.9664,0.9700,-0.0036,0.0000,0.0000,+0.0000,+54.8088,no_bet
2026-05-27T03:30:00+00:00,KXBTC15M-26MAY262345-45,no,0.0240,down,skip,0.9760,0.9700,+0.0060,0.0000,0.0000,+0.0000,+54.8088,no_bet
2026-05-27T03:45:00+00:00,KXBTC15M-26MAY270000-00,no,0.0190,down,skip,0.9810,0.9700,+0.0110,0.0000,0.0000,+0.0000,+54.8088,no_bet
2026-05-27T04:00:00+00:00,KXBTC15M-26MAY270015-15,no,0.8411,up,skip,0.8411,0.8600,-0.0189,0.0000,0.0000,+0.0000,+54.8088,no_bet
2026-05-28T11:15:00+00:00,KXBTC15M-26MAY280730-30,no,0.3249,up,skip,0.3249,0.4800,-0.1551,0.0000,0.0000,+0.0000,+54.8088,no_bet
2026-05-28T11:30:00+00:00,KXBTC15M-26MAY280745-45,yes,0.9099,up,skip,0.9099,0.8800,+0.0299,0.0000,0.0000,+0.0000,+54.8088,no_bet
2026-05-28T11:45:00+00:00,KXBTC15M-26MAY280800-00,yes,0.9008,up,skip,0.9008,0.9700,-0.0692,0.0000,0.0000,+0.0000,+54.8088,no_bet
2026-05-28T12:00:00+00:00,KXBTC15M-26MAY280815-15,no,0.0423,down,no,0.9577,0.8100,+0.1477,9.2933,11.4732,+2.0273,+56.8361,net_win
2026-05-28T12:30:00+00:00,KXBTC15M-26MAY280845-45,yes,0.9737,up,skip,0.9737,0.9700,+0.0037,0.0000,0.0000,+0.0000,+56.8361,no_bet
2026-05-28T12:45:00+00:00,KXBTC15M-26MAY280900-00,yes,0.7521,up,yes,0.7521,0.6300,+0.1221,9.5561,15.1685,+5.2195,+62.0556,net_win
2026-05-28T13:00:00+00:00,KXBTC15M-26MAY280915-15,no,0.0138,down,skip,0.9862,0.9700,+0.0162,0.0000,0.0000,+0.0000,+62.0556,no_bet
2026-05-28T13:15:00+00:00,KXBTC15M-26MAY280930-30,no,0.0100,down,skip,0.9900,0.9700,+0.0200,0.0000,0.0000,+0.0000,+62.0556,no_bet
2026-05-28T13:30:00+00:00,KXBTC15M-26MAY280945-45,no,0.0131,down,skip,0.9869,0.9700,+0.0169,0.0000,0.0000,+0.0000,+62.0556,no_bet
2026-05-28T13:45:00+00:00,KXBTC15M-26MAY281000-00,yes,0.9793,up,skip,0.9793,0.9700,+0.0093,0.0000,0.0000,+0.0000,+62.0556,no_bet
2026-05-28T14:15:00+00:00,KXBTC15M-26MAY281030-30,no,0.0585,down,skip,0.9415,0.9400,+0.0015,0.0000,0.0000,+0.0000,+62.0556,no_bet
2026-05-28T14:45:00+00:00,KXBTC15M-26MAY281100-00,yes,0.9675,up,yes,0.9675,0.8500,+0.1175,33.7484,39.7040,+5.5387,+67.5943,net_win
2026-05-28T15:00:00+00:00,KXBTC15M-26MAY281115-15,no,0.3269,down,no,0.6731,0.6200,+0.0531,11.1199,17.9353,+6.3383,+73.9326,net_win
2026-05-28T15:15:00+00:00,KXBTC15M-26MAY281130-30,yes,0.5150,up,yes,0.5150,0.4300,+0.0850,9.7799,22.7440,+12.0566,+85.9892,net_win
2026-05-28T15:30:00+00:00,KXBTC15M-26MAY281145-45,yes,0.3060,down,skip,0.6940,0.8700,-0.1760,0.0000,0.0000,+0.0000,+85.9892,no_bet
2026-05-28T15:45:00+00:00,KXBTC15M-26MAY281200-00,no,0.0554,down,no,0.9446,0.8900,+0.0546,23.5771,26.4911,+2.7100,+88.6992,net_win
2026-05-28T16:00:00+00:00,KXBTC15M-26MAY281215-15,yes,0.2287,up,skip,0.2287,0.4100,-0.1813,0.0000,0.0000,+0.0000,+88.6992,no_bet
2026-05-28T16:15:00+00:00,KXBTC15M-26MAY281230-30,yes,0.8585,up,skip,0.8585,0.9700,-0.1115,0.0000,0.0000,+0.0000,+88.6992,no_bet
2026-05-28T16:30:00+00:00,KXBTC15M-26MAY281245-45,yes,0.9728,up,yes,0.9728,0.8700,+0.1028,23.9321,27.5081,+3.3257,+92.0250,net_win
2026-05-28T16:45:00+00:00,KXBTC15M-26MAY281300-00,yes,0.8179,up,skip,0.8179,0.8600,-0.0421,0.0000,0.0000,+0.0000,+92.0250,no_bet
2026-05-28T17:00:00+00:00,KXBTC15M-26MAY281315-15,yes,0.7052,up,skip,0.7052,0.8000,-0.0948,0.0000,0.0000,+0.0000,+92.0250,no_bet
2026-05-28T17:30:00+00:00,KXBTC15M-26MAY281345-45,yes,0.9839,up,skip,0.9839,0.9700,+0.0139,0.0000,0.0000,+0.0000,+92.0250,no_bet
2026-05-28T17:45:00+00:00,KXBTC15M-26MAY281400-00,yes,0.4155,down,no,0.5845,0.2800,+0.3045,40.1149,143.2676,-40.1149,+51.9100,net_loss
2026-05-28T18:00:00+00:00,KXBTC15M-26MAY281415-15,yes,0.9311,up,skip,0.9311,0.9700,-0.0389,0.0000,0.0000,+0.0000,+51.9100,no_bet
2026-05-28T18:15:00+00:00,KXBTC15M-26MAY281430-30,no,0.3950,down,no,0.6050,0.5300,+0.0750,8.5543,16.1403,+7.0549,+58.9650,net_win
2026-05-28T18:30:00+00:00,KXBTC15M-26MAY281445-45,yes,0.4780,down,skip,0.5220,0.5000,+0.0220,0.0000,0.0000,+0.0000,+58.9650,no_bet
2026-05-28T18:45:00+00:00,KXBTC15M-26MAY281500-00,yes,0.9722,up,skip,0.9722,0.9400,+0.0322,0.0000,0.0000,+0.0000,+58.9650,no_bet
2026-05-28T19:00:00+00:00,KXBTC15M-26MAY281515-15,no,0.0145,down,skip,0.9855,0.9700,+0.0155,0.0000,0.0000,+0.0000,+58.9650,no_bet
2026-05-28T19:15:00+00:00,KXBTC15M-26MAY281530-30,yes,0.9516,up,skip,0.9516,0.9200,+0.0316,0.0000,0.0000,+0.0000,+58.9650,no_bet
2026-05-28T19:30:00+00:00,KXBTC15M-26MAY281545-45,no,0.0209,down,skip,0.9791,0.9700,+0.0091,0.0000,0.0000,+0.0000,+58.9650,no_bet
2026-05-28T19:45:00+00:00,KXBTC15M-26MAY281600-00,no,0.8346,down,skip,0.1654,0.2800,-0.1146,0.0000,0.0000,+0.0000,+58.9650,no_bet
2026-05-28T20:00:00+00:00,KXBTC15M-26MAY281615-15,yes,0.0400,down,skip,0.9600,0.9700,-0.0100,0.0000,0.0000,+0.0000,+58.9650,no_bet
2026-05-28T20:15:00+00:00,KXBTC15M-26MAY281630-30,yes,0.9845,up,skip,0.9845,0.9700,+0.0145,0.0000,0.0000,+0.0000,+58.9650,no_bet
2026-05-28T20:30:00+00:00,KXBTC15M-26MAY281645-45,yes,0.5633,up,skip,0.5633,0.6100,-0.0467,0.0000,0.0000,+0.0000,+58.9650,no_bet
2026-05-28T20:45:00+00:00,KXBTC15M-26MAY281700-00,no,0.0231,down,no,0.9769,0.9000,+0.0769,9.2901,10.3224,+0.9600,+59.9249,net_win
2026-05-28T21:00:00+00:00,KXBTC15M-26MAY281715-15,yes,0.9468,up,skip,0.9468,0.9300,+0.0168,0.0000,0.0000,+0.0000,+59.9249,no_bet
2026-05-28T21:15:00+00:00,KXBTC15M-26MAY281730-30,yes,0.9290,up,skip,0.9290,0.9570,-0.0280,0.0000,0.0000,+0.0000,+59.9249,no_bet
2026-05-28T21:30:00+00:00,KXBTC15M-26MAY281745-45,yes,0.9698,up,skip,0.9698,0.9700,-0.0002,0.0000,0.0000,+0.0000,+59.9249,no_bet
2026-05-28T21:45:00+00:00,KXBTC15M-26MAY281800-00,no,0.0889,up,skip,0.0889,0.1270,-0.0381,0.0000,0.0000,+0.0000,+59.9249,no_bet
2026-05-28T22:15:00+00:00,KXBTC15M-26MAY281830-30,no,0.0804,down,no,0.9196,0.7400,+0.1796,9.9680,13.4703,+3.2571,+63.1821,net_win
2026-05-28T22:30:00+00:00,KXBTC15M-26MAY281845-45,no,0.0173,down,skip,0.9827,0.9700,+0.0127,0.0000,0.0000,+0.0000,+63.1821,no_bet
2026-05-28T22:45:00+00:00,KXBTC15M-26MAY281900-00,no,0.5164,down,no,0.4836,0.3900,+0.0936,8.3134,21.3165,+12.0929,+75.2749,net_win
2026-05-28T23:00:00+00:00,KXBTC15M-26MAY281915-15,yes,0.9668,up,skip,0.9668,0.9700,-0.0032,0.0000,0.0000,+0.0000,+75.2749,no_bet
2026-05-28T23:30:00+00:00,KXBTC15M-26MAY281945-45,no,0.0126,down,skip,0.9874,0.9700,+0.0174,0.0000,0.0000,+0.0000,+75.2749,no_bet
2026-05-28T23:45:00+00:00,KXBTC15M-26MAY282000-00,yes,0.2305,up,skip,0.2305,0.2200,+0.0105,0.0000,0.0000,+0.0000,+75.2749,no_bet
2026-05-29T00:00:00+00:00,KXBTC15M-26MAY282015-15,yes,0.9864,up,skip,0.9864,0.9610,+0.0254,0.0000,0.0000,+0.0000,+75.2749,no_bet
2026-05-29T00:15:00+00:00,KXBTC15M-26MAY282030-30,yes,0.9810,up,skip,0.9810,0.9700,+0.0110,0.0000,0.0000,+0.0000,+75.2749,no_bet
2026-05-29T00:30:00+00:00,KXBTC15M-26MAY282045-45,yes,0.8217,up,skip,0.8217,0.9300,-0.1083,0.0000,0.0000,+0.0000,+75.2749,no_bet
2026-05-29T00:45:00+00:00,KXBTC15M-26MAY282100-00,no,0.0120,down,skip,0.9880,0.9700,+0.0180,0.0000,0.0000,+0.0000,+75.2749,no_bet
2026-05-29T01:30:00+00:00,KXBTC15M-26MAY282145-45,no,0.0255,down,skip,0.9745,0.9700,+0.0045,0.0000,0.0000,+0.0000,+75.2749,no_bet
2026-05-29T01:45:00+00:00,KXBTC15M-26MAY282200-00,yes,0.9473,up,skip,0.9473,0.9640,-0.0167,0.0000,0.0000,+0.0000,+75.2749,no_bet
2026-05-29T02:00:00+00:00,KXBTC15M-26MAY282215-15,yes,0.6447,up,skip,0.6447,0.7800,-0.1353,0.0000,0.0000,+0.0000,+75.2749,no_bet
2026-05-29T02:15:00+00:00,KXBTC15M-26MAY282230-30,no,0.0118,down,skip,0.9882,0.9700,+0.0182,0.0000,0.0000,+0.0000,+75.2749,no_bet
2026-05-29T02:30:00+00:00,KXBTC15M-26MAY282245-45,no,0.8626,up,skip,0.8626,0.8600,+0.0026,0.0000,0.0000,+0.0000,+75.2749,no_bet
2026-05-29T02:45:00+00:00,KXBTC15M-26MAY282300-00,no,0.0307,down,skip,0.9693,0.9700,-0.0007,0.0000,0.0000,+0.0000,+75.2749,no_bet
2026-05-29T03:30:00+00:00,KXBTC15M-26MAY282345-45,no,0.0544,down,skip,0.9456,0.9700,-0.0244,0.0000,0.0000,+0.0000,+75.2749,no_bet
2026-05-29T03:45:00+00:00,KXBTC15M-26MAY290000-00,no,0.0419,down,skip,0.9581,0.9300,+0.0281,0.0000,0.0000,+0.0000,+75.2749,no_bet
2026-05-29T04:00:00+00:00,KXBTC15M-26MAY290015-15,no,0.0162,down,no,0.9838,0.9300,+0.0538,28.6131,30.7668,+2.0029,+77.2778,net_win
2026-05-29T04:15:00+00:00,KXBTC15M-26MAY290030-30,yes,0.9850,up,skip,0.9850,0.9700,+0.0150,0.0000,0.0000,+0.0000,+77.2778,no_bet
2026-05-29T04:30:00+00:00,KXBTC15M-26MAY290045-45,yes,0.8055,up,skip,0.8055,0.8900,-0.0845,0.0000,0.0000,+0.0000,+77.2778,no_bet
2026-05-29T04:45:00+00:00,KXBTC15M-26MAY290100-00,yes,0.8004,down,skip,0.1996,0.2200,-0.0204,0.0000,0.0000,+0.0000,+77.2778,no_bet
2026-05-29T05:00:00+00:00,KXBTC15M-26MAY290115-15,yes,0.9857,up,skip,0.9857,0.9700,+0.0157,0.0000,0.0000,+0.0000,+77.2778,no_bet
2026-05-29T05:15:00+00:00,KXBTC15M-26MAY290130-30,no,0.0297,down,no,0.9703,0.9200,+0.0503,12.9883,14.1177,+1.0504,+78.3282,net_win
2026-05-29T05:30:00+00:00,KXBTC15M-26MAY290145-45,no,0.0135,down,skip,0.9865,0.9700,+0.0165,0.0000,0.0000,+0.0000,+78.3282,no_bet
2026-05-29T06:00:00+00:00,KXBTC15M-26MAY290215-15,yes,0.0461,down,no,0.9539,0.8300,+0.1239,8.1104,9.7716,-8.1104,+70.2178,net_loss
2026-05-29T06:15:00+00:00,KXBTC15M-26MAY290230-30,yes,0.9471,up,skip,0.9471,0.9700,-0.0229,0.0000,0.0000,+0.0000,+70.2178,no_bet
2026-05-29T06:30:00+00:00,KXBTC15M-26MAY290245-45,no,0.0195,down,skip,0.9805,0.9700,+0.0105,0.0000,0.0000,+0.0000,+70.2178,no_bet
2026-05-29T06:45:00+00:00,KXBTC15M-26MAY290300-00,yes,0.9595,up,skip,0.9595,0.9700,-0.0105,0.0000,0.0000,+0.0000,+70.2178,no_bet
2026-05-29T07:15:00+00:00,KXBTC15M-26MAY290330-30,no,0.0858,down,no,0.9142,0.6600,+0.2542,12.6481,19.1637,+6.0596,+76.2773,net_win
2026-05-29T07:45:00+00:00,KXBTC15M-26MAY290400-00,yes,0.4190,down,skip,0.5810,0.6500,-0.0690,0.0000,0.0000,+0.0000,+76.2773,no_bet
2026-05-29T08:15:00+00:00,KXBTC15M-26MAY290430-30,yes,0.9834,up,skip,0.9834,0.9700,+0.0134,0.0000,0.0000,+0.0000,+76.2773,no_bet
2026-05-29T08:30:00+00:00,KXBTC15M-26MAY290445-45,no,0.7144,up,skip,0.7144,0.7200,-0.0056,0.0000,0.0000,+0.0000,+76.2773,no_bet
2026-05-29T08:45:00+00:00,KXBTC15M-26MAY290500-00,no,0.0120,down,skip,0.9880,0.9700,+0.0180,0.0000,0.0000,+0.0000,+76.2773,no_bet
2026-05-29T09:00:00+00:00,KXBTC15M-26MAY290515-15,yes,0.9884,up,skip,0.9884,0.9700,+0.0184,0.0000,0.0000,+0.0000,+76.2773,no_bet
2026-05-29T09:15:00+00:00,KXBTC15M-26MAY290530-30,yes,0.9737,up,skip,0.9737,0.9570,+0.0167,0.0000,0.0000,+0.0000,+76.2773,no_bet
2026-05-29T09:30:00+00:00,KXBTC15M-26MAY290545-45,no,0.0451,down,no,0.9549,0.9000,+0.0549,5.3577,5.9530,+0.5536,+76.8310,net_win
2026-05-29T09:45:00+00:00,KXBTC15M-26MAY290600-00,no,0.0156,down,skip,0.9844,0.9700,+0.0144,0.0000,0.0000,+0.0000,+76.8310,no_bet
2026-05-29T10:00:00+00:00,KXBTC15M-26MAY290615-15,no,0.0438,down,skip,0.9562,0.9700,-0.0138,0.0000,0.0000,+0.0000,+76.8310,no_bet
2026-05-29T10:15:00+00:00,KXBTC15M-26MAY290630-30,no,0.0216,down,skip,0.9784,0.9700,+0.0084,0.0000,0.0000,+0.0000,+76.8310,no_bet
2026-05-29T10:30:00+00:00,KXBTC15M-26MAY290645-45,yes,0.8160,up,skip,0.8160,0.9700,-0.1540,0.0000,0.0000,+0.0000,+76.8310,no_bet
2026-05-29T10:45:00+00:00,KXBTC15M-26MAY290700-00,yes,0.8962,up,yes,0.8962,0.6100,+0.2862,20.8784,34.2268,+12.4141,+89.2450,net_win
2026-05-29T11:00:00+00:00,KXBTC15M-26MAY290715-15,yes,0.1897,up,skip,0.1897,0.2300,-0.0403,0.0000,0.0000,+0.0000,+89.2450,no_bet
2026-05-29T11:15:00+00:00,KXBTC15M-26MAY290730-30,no,0.5559,down,no,0.4441,0.2800,+0.1641,5.6840,20.3001,+13.5930,+102.8380,net_win
2026-05-29T11:30:00+00:00,KXBTC15M-26MAY290745-45,no,0.0314,down,skip,0.9686,0.9700,-0.0014,0.0000,0.0000,+0.0000,+102.8380,no_bet
2026-05-29T11:45:00+00:00,KXBTC15M-26MAY290800-00,no,0.0403,down,skip,0.9597,0.9700,-0.0103,0.0000,0.0000,+0.0000,+102.8380,no_bet
2026-05-29T12:00:00+00:00,KXBTC15M-26MAY290815-15,no,0.0199,down,skip,0.9801,0.9700,+0.0101,0.0000,0.0000,+0.0000,+102.8380,no_bet
2026-05-29T12:15:00+00:00,KXBTC15M-26MAY290830-30,no,0.0769,down,no,0.9231,0.8500,+0.0731,14.5342,17.0991,+2.3853,+105.2233,net_win
2026-05-29T12:30:00+00:00,KXBTC15M-26MAY290845-45,no,0.0755,down,skip,0.9245,0.9620,-0.0375,0.0000,0.0000,+0.0000,+105.2233,no_bet
2026-05-29T12:45:00+00:00,KXBTC15M-26MAY290900-00,yes,0.7525,up,skip,0.7525,0.8900,-0.1375,0.0000,0.0000,+0.0000,+105.2233,no_bet
2026-05-29T13:00:00+00:00,KXBTC15M-26MAY290915-15,no,0.0163,down,skip,0.9837,0.9700,+0.0137,0.0000,0.0000,+0.0000,+105.2233,no_bet
2026-05-29T13:15:00+00:00,KXBTC15M-26MAY290930-30,no,0.0156,down,skip,0.9844,0.9700,+0.0144,0.0000,0.0000,+0.0000,+105.2233,no_bet
